[
  {
    "result": {
      "nama": "Zirkonium",
      "lambang": "Zr"
    }
  },
  {
    "result": {
      "nama": "Litium",
      "lambang": "Li"
    }
  },
  {
    "result": {
      "nama": "Molibden",
      "lambang": "Mo"
    }
  },
  {
    "result": {
      "nama": "Serium",
      "lambang": "Ce"
    }
  },
  {
    "result": {
      "nama": "Rutenium",
      "lambang": "Ru"
    }
  },
  {
    "result": {
      "nama": "Kalifornium",
      "lambang": "Cf"
    }
  },
  {
    "result": {
      "nama": "Rutenium",
      "lambang": "Ru"
    }
  },
  {
    "result": {
      "nama": "Strontium",
      "lambang": "Sr"
    }
  },
  {
    "result": {
      "nama": "Skandium",
      "lambang": "Sc"
    }
  },
  {
    "result": {
      "nama": "Brom",
      "lambang": "Br"
    }
  },
  {
    "result": {
      "nama": "Raksa",
      "lambang": "Hg"
    }
  },
  {
    "result": {
      "nama": "Vanadium",
      "lambang": "V"
    }
  },
  {
    "result": {
      "nama": "Galium",
      "lambang": "Ga"
    }
  },
  {
    "result": {
      "nama": "Strontium",
      "lambang": "Sr"
    }
  },
  {
    "result": {
      "nama": "Natrium",
      "lambang": "Na"
    }
  },
  {
    "result": {
      "nama": "Bohrium",
      "lambang": "Bh"
    }
  },
  {
    "result": {
      "nama": "Xenon",
      "lambang": "Xe"
    }
  },
  {
    "result": {
      "nama": "Dubnium",
      "lambang": "Db"
    }
  },
  {
    "result": {
      "nama": "Boron",
      "lambang": "B"
    }
  },
  {
    "result": {
      "nama": "Oksigen",
      "lambang": "O"
    }
  },
  {
    "result": {
      "nama": "Nobelium",
      "lambang": "No"
    }
  },
  {
    "result": {
      "nama": "Oganeson",
      "lambang": "Og"
    }
  },
  {
    "result": {
      "nama": "Rubidium",
      "lambang": "Rb"
    }
  },
  {
    "result": {
      "nama": "Darmstadtium",
      "lambang": "Ds"
    }
  },
  {
    "result": {
      "nama": "Meitnerium",
      "lambang": "Mt"
    }
  },
  {
    "result": {
      "nama": "Hidrogen",
      "lambang": "H"
    }
  },
  {
    "result": {
      "nama": "Kripton",
      "lambang": "Kr"
    }
  },
  {
    "result": {
      "nama": "Karbon",
      "lambang": "C"
    }
  },
  {
    "result": {
      "nama": "Tantalum",
      "lambang": "Ta"
    }
  },
  {
    "result": {
      "nama": "Nobelium",
      "lambang": "No"
    }
  },
  {
    "result": {
      "nama": "Karbon",
      "lambang": "C"
    }
  },
  {
    "result": {
      "nama": "Vanadium",
      "lambang": "V"
    }
  },
  {
    "result": {
      "nama": "Molibden",
      "lambang": "Mo"
    }
  },
  {
    "result": {
      "nama": "Meitnerium",
      "lambang": "Mt"
    }
  },
  {
    "result": {
      "nama": "Rubidium",
      "lambang": "Rb"
    }
  },
  {
    "result": {
      "nama": "Oksigen",
      "lambang": "O"
    }
  },
  {
    "result": {
      "nama": "Lutetium",
      "lambang": "Lu"
    }
  },
  {
    "result": {
      "nama": "Iridium",
      "lambang": "I"
    }
  },
  {
    "result": {
      "nama": "Neptunium",
      "lambang": "Np"
    }
  },
  {
    "result": {
      "nama": "Krom",
      "lambang": "Cr"
    }
  },
  {
    "result": {
      "nama": "Perak",
      "lambang": "Ag"
    }
  },
  {
    "result": {
      "nama": "Livermorium",
      "lambang": "Lv"
    }
  },
  {
    "result": {
      "nama": "Emas",
      "lambang": "Au"
    }
  },
  {
    "result": {
      "nama": "Fosfor",
      "lambang": "P"
    }
  },
  {
    "result": {
      "nama": "Hassium",
      "lambang": "Hs"
    }
  },
  {
    "result": {
      "nama": "Molibden",
      "lambang": "Mo"
    }
  },
  {
    "result": {
      "nama": "Yodium",
      "lambang": "I"
    }
  },
  {
    "result": {
      "nama": "Hassium",
      "lambang": "Hs"
    }
  },
  {
    "result": {
      "nama": "Besi",
      "lambang": "Fe"
    }
  },
  {
    "result": {
      "nama": "Barium",
      "lambang": "Ba"
    }
  },
  {
    "result": {
      "nama": "Gadolinium",
      "lambang": "Gd"
    }
  },
  {
    "result": {
      "nama": "Lantanum",
      "lambang": "La"
    }
  },
  {
    "result": {
      "nama": "Raksa",
      "lambang": "Hg"
    }
  },
  {
    "result": {
      "nama": "Perak",
      "lambang": "Ag"
    }
  },
  {
    "result": {
      "nama": "Amerisium",
      "lambang": "Am"
    }
  },
  {
    "result": {
      "nama": "Litium",
      "lambang": "Li"
    }
  },
  {
    "result": {
      "nama": "Seaborgium",
      "lambang": "Sg"
    }
  },
  {
    "result": {
      "nama": "Neodimium",
      "lambang": "Nd"
    }
  },
  {
    "result": {
      "nama": "Fransium",
      "lambang": "Fr"
    }
  },
  {
    "result": {
      "nama": "Hidrogen",
      "lambang": "H"
    }
  },
  {
    "result": {
      "nama": "Nobelium",
      "lambang": "No"
    }
  },
  {
    "result": {
      "nama": "Radon",
      "lambang": "Rn"
    }
  },
  {
    "result": {
      "nama": "Renium",
      "lambang": "Re"
    }
  },
  {
    "result": {
      "nama": "Meitnerium",
      "lambang": "Mt"
    }
  },
  {
    "result": {
      "nama": "Kalifornium",
      "lambang": "Cf"
    }
  },
  {
    "result": {
      "nama": "Polonium",
      "lambang": "Po"
    }
  },
  {
    "result": {
      "nama": "Besi",
      "lambang": "Fe"
    }
  },
  {
    "result": {
      "nama": "Kripton",
      "lambang": "Kr"
    }
  },
  {
    "result": {
      "nama": "Torium",
      "lambang": "Th"
    }
  },
  {
    "result": {
      "nama": "Magnesium",
      "lambang": "Mg"
    }
  },
  {
    "result": {
      "nama": "Kalsium",
      "lambang": "Ca"
    }
  },
  {
    "result": {
      "nama": "Paladium",
      "lambang": "Pd"
    }
  },
  {
    "result": {
      "nama": "Rubidium",
      "lambang": "Rb"
    }
  },
  {
    "result": {
      "nama": "Protaktinium",
      "lambang": "Pa"
    }
  },
  {
    "result": {
      "nama": "Talium",
      "lambang": "Tl"
    }
  },
  {
    "result": {
      "nama": "Astatin",
      "lambang": "At"
    }
  },
  {
    "result": {
      "nama": "Yodium",
      "lambang": "I"
    }
  },
  {
    "result": {
      "nama": "Boron",
      "lambang": "B"
    }
  },
  {
    "result": {
      "nama": "Molibden",
      "lambang": "Mo"
    }
  },
  {
    "result": {
      "nama": "Boron",
      "lambang": "B"
    }
  },
  {
    "result": {
      "nama": "Moscovium",
      "lambang": "Mc"
    }
  },
  {
    "result": {
      "nama": "Fransium",
      "lambang": "Fr"
    }
  },
  {
    "result": {
      "nama": "Berilium",
      "lambang": "Be"
    }
  },
  {
    "result": {
      "nama": "Fermium",
      "lambang": "Fm"
    }
  },
  {
    "result": {
      "nama": "Kalium",
      "lambang": "K"
    }
  },
  {
    "result": {
      "nama": "Sesium",
      "lambang": "Cs"
    }
  },
  {
    "result": {
      "nama": "Nobelium",
      "lambang": "No"
    }
  },
  {
    "result": {
      "nama": "Argon",
      "lambang": "Ar"
    }
  },
  {
    "result": {
      "nama": "Yodium",
      "lambang": "I"
    }
  },
  {
    "result": {
      "nama": "Nikel",
      "lambang": "Ni"
    }
  },
  {
    "result": {
      "nama": "Hafnium",
      "lambang": "Hf"
    }
  },
  {
    "result": {
      "nama": "Oksigen",
      "lambang": "O"
    }
  },
  {
    "result": {
      "nama": "Raksa",
      "lambang": "Hg"
    }
  },
  {
    "result": {
      "nama": "Fosfor",
      "lambang": "P"
    }
  },
  {
    "result": {
      "nama": "Arsenik",
      "lambang": "As"
    }
  },
  {
    "result": {
      "nama": "Talium",
      "lambang": "Tl"
    }
  },
  {
    "result": {
      "nama": "Flerovium",
      "lambang": "Fl"
    }
  },
  {
    "result": {
      "nama": "Fluor",
      "lambang": "F"
    }
  },
  {
    "result": {
      "nama": "Flerovium",
      "lambang": "Fl"
    }
  },
  {
    "result": {
      "nama": "Iterbium",
      "lambang": "Yb"
    }
  },
  {
    "result": {
      "nama": "Prometium",
      "lambang": "Pm"
    }
  },
  {
    "result": {
      "nama": "Krom",
      "lambang": "Cr"
    }
  },
  {
    "result": {
      "nama": "Amerisium",
      "lambang": "Am"
    }
  },
  {
    "result": {
      "nama": "Zirkonium",
      "lambang": "Zr"
    }
  },
  {
    "result": {
      "nama": "Klor",
      "lambang": "Cl"
    }
  },
  {
    "result": {
      "nama": "Radon",
      "lambang": "Rn"
    }
  },
  {
    "result": {
      "nama": "Magnesium",
      "lambang": "Mg"
    }
  },
  {
    "result": {
      "nama": "Arsenik",
      "lambang": "As"
    }
  },
  {
    "result": {
      "nama": "Nikel",
      "lambang": "Ni"
    }
  },
  {
    "result": {
      "nama": "Germanium",
      "lambang": "Ge"
    }
  },
  {
    "result": {
      "nama": "Neon",
      "lambang": "Ne"
    }
  },
  {
    "result": {
      "nama": "Polonium",
      "lambang": "Po"
    }
  },
  {
    "result": {
      "nama": "Antimon",
      "lambang": "Sb"
    }
  },
  {
    "result": {
      "nama": "Europium",
      "lambang": "Eu"
    }
  },
  {
    "result": {
      "nama": "Neptunium",
      "lambang": "Np"
    }
  },
  {
    "result": {
      "nama": "Fosfor",
      "lambang": "P"
    }
  },
  {
    "result": {
      "nama": "Rubidium",
      "lambang": "Rb"
    }
  },
  {
    "result": {
      "nama": "Fermium",
      "lambang": "Fm"
    }
  },
  {
    "result": {
      "nama": "Darmstadtium",
      "lambang": "Ds"
    }
  },
  {
    "result": {
      "nama": "Karbon",
      "lambang": "C"
    }
  },
  {
    "result": {
      "nama": "Kadmium",
      "lambang": "Cd"
    }
  },
  {
    "result": {
      "nama": "Iridium",
      "lambang": "I"
    }
  },
  {
    "result": {
      "nama": "Raksa",
      "lambang": "Hg"
    }
  },
  {
    "result": {
      "nama": "Gadolinium",
      "lambang": "Gd"
    }
  },
  {
    "result": {
      "nama": "Serium",
      "lambang": "Ce"
    }
  },
  {
    "result": {
      "nama": "Helium",
      "lambang": "He"
    }
  },
  {
    "result": {
      "nama": "Nitrogen",
      "lambang": "N"
    }
  },
  {
    "result": {
      "nama": "Klor",
      "lambang": "Cl"
    }
  },
  {
    "result": {
      "nama": "Terbium",
      "lambang": "Tb"
    }
  },
  {
    "result": {
      "nama": "Holmium",
      "lambang": "Ho"
    }
  },
  {
    "result": {
      "nama": "Disprosium",
      "lambang": "Dy"
    }
  },
  {
    "result": {
      "nama": "Fosfor",
      "lambang": "P"
    }
  },
  {
    "result": {
      "nama": "Meitnerium",
      "lambang": "Mt"
    }
  },
  {
    "result": {
      "nama": "Kurium",
      "lambang": "Cm"
    }
  },
  {
    "result": {
      "nama": "Barium",
      "lambang": "Ba"
    }
  },
  {
    "result": {
      "nama": "Fermium",
      "lambang": "Fm"
    }
  },
  {
    "result": {
      "nama": "Perak",
      "lambang": "Ag"
    }
  },
  {
    "result": {
      "nama": "Titanium",
      "lambang": "Ti"
    }
  },
  {
    "result": {
      "nama": "Hassium",
      "lambang": "Hs"
    }
  },
  {
    "result": {
      "nama": "Nikel",
      "lambang": "Ni"
    }
  },
  {
    "result": {
      "nama": "Barium",
      "lambang": "Ba"
    }
  },
  {
    "result": {
      "nama": "Indium",
      "lambang": "In"
    }
  },
  {
    "result": {
      "nama": "Berkelium",
      "lambang": "Bk"
    }
  },
  {
    "result": {
      "nama": "Aluminium",
      "lambang": "Al"
    }
  },
  {
    "result": {
      "nama": "Radon",
      "lambang": "Rn"
    }
  },
  {
    "result": {
      "nama": "Terbium",
      "lambang": "Tb"
    }
  },
  {
    "result": {
      "nama": "Nobelium",
      "lambang": "No"
    }
  },
  {
    "result": {
      "nama": "Kadmium",
      "lambang": "Cd"
    }
  },
  {
    "result": {
      "nama": "Teknetium",
      "lambang": "Tc"
    }
  },
  {
    "result": {
      "nama": "Germanium",
      "lambang": "Ge"
    }
  },
  {
    "result": {
      "nama": "Raksa",
      "lambang": "Hg"
    }
  },
  {
    "result": {
      "nama": "Magnesium",
      "lambang": "Mg"
    }
  },
  {
    "result": {
      "nama": "Timbal",
      "lambang": "Pb"
    }
  },
  {
    "result": {
      "nama": "Dubnium",
      "lambang": "Db"
    }
  },
  {
    "result": {
      "nama": "Livermorium",
      "lambang": "Lv"
    }
  },
  {
    "result": {
      "nama": "Kopernisium",
      "lambang": "Cn"
    }
  },
  {
    "result": {
      "nama": "Kalsium",
      "lambang": "Ca"
    }
  },
  {
    "result": {
      "nama": "Radon",
      "lambang": "Rn"
    }
  },
  {
    "result": {
      "nama": "Boron",
      "lambang": "B"
    }
  },
  {
    "result": {
      "nama": "Wolfram",
      "lambang": "W"
    }
  },
  {
    "result": {
      "nama": "Nihonium",
      "lambang": "Nh"
    }
  },
  {
    "result": {
      "nama": "Natrium",
      "lambang": "Na"
    }
  },
  {
    "result": {
      "nama": "Germanium",
      "lambang": "Ge"
    }
  },
  {
    "result": {
      "nama": "Paladium",
      "lambang": "Pd"
    }
  },
  {
    "result": {
      "nama": "Besi",
      "lambang": "Fe"
    }
  },
  {
    "result": {
      "nama": "Nitrogen",
      "lambang": "N"
    }
  },
  {
    "result": {
      "nama": "Aluminium",
      "lambang": "Al"
    }
  },
  {
    "result": {
      "nama": "Iterbium",
      "lambang": "Yb"
    }
  },
  {
    "result": {
      "nama": "Selenium",
      "lambang": "Se"
    }
  },
  {
    "result": {
      "nama": "Barium",
      "lambang": "Ba"
    }
  },
  {
    "result": {
      "nama": "Kopernisium",
      "lambang": "Cn"
    }
  },
  {
    "result": {
      "nama": "Astatin",
      "lambang": "At"
    }
  },
  {
    "result": {
      "nama": "Praseodimium",
      "lambang": "Pr"
    }
  },
  {
    "result": {
      "nama": "Fransium",
      "lambang": "Fr"
    }
  },
  {
    "result": {
      "nama": "Silikon",
      "lambang": "Si"
    }
  },
  {
    "result": {
      "nama": "Brom",
      "lambang": "Br"
    }
  },
  {
    "result": {
      "nama": "Polonium",
      "lambang": "Po"
    }
  },
  {
    "result": {
      "nama": "Fluor",
      "lambang": "F"
    }
  },
  {
    "result": {
      "nama": "Hidrogen",
      "lambang": "H"
    }
  },
  {
    "result": {
      "nama": "Indium",
      "lambang": "In"
    }
  },
  {
    "result": {
      "nama": "Bismut",
      "lambang": "Bi"
    }
  },
  {
    "result": {
      "nama": "Flerovium",
      "lambang": "Fl"
    }
  },
  {
    "result": {
      "nama": "Barium",
      "lambang": "Ba"
    }
  },
  {
    "result": {
      "nama": "Hassium",
      "lambang": "Hs"
    }
  },
  {
    "result": {
      "nama": "Vanadium",
      "lambang": "V"
    }
  },
  {
    "result": {
      "nama": "Fransium",
      "lambang": "Fr"
    }
  },
  {
    "result": {
      "nama": "Boron",
      "lambang": "B"
    }
  },
  {
    "result": {
      "nama": "Vanadium",
      "lambang": "V"
    }
  },
  {
    "result": {
      "nama": "Radium",
      "lambang": "Ra"
    }
  },
  {
    "result": {
      "nama": "Aluminium",
      "lambang": "Al"
    }
  },
  {
    "result": {
      "nama": "Berilium",
      "lambang": "Be"
    }
  },
  {
    "result": {
      "nama": "Tembaga",
      "lambang": "Cu"
    }
  },
  {
    "result": {
      "nama": "Roentgenium",
      "lambang": "Rg"
    }
  },
  {
    "result": {
      "nama": "Dubnium",
      "lambang": "Db"
    }
  },
  {
    "result": {
      "nama": "Raksa",
      "lambang": "Hg"
    }
  },
  {
    "result": {
      "nama": "Paladium",
      "lambang": "Pd"
    }
  },
  {
    "result": {
      "nama": "Kobalt",
      "lambang": "Co"
    }
  },
  {
    "result": {
      "nama": "Lantanum",
      "lambang": "La"
    }
  },
  {
    "result": {
      "nama": "Disprosium",
      "lambang": "Dy"
    }
  },
  {
    "result": {
      "nama": "Argon",
      "lambang": "Ar"
    }
  },
  {
    "result": {
      "nama": "Berkelium",
      "lambang": "Bk"
    }
  },
  {
    "result": {
      "nama": "Besi",
      "lambang": "Fe"
    }
  },
  {
    "result": {
      "nama": "Erbium",
      "lambang": "Er"
    }
  },
  {
    "result": {
      "nama": "Zirkonium",
      "lambang": "Zr"
    }
  },
  {
    "result": {
      "nama": "Rubidium",
      "lambang": "Rb"
    }
  },
  {
    "result": {
      "nama": "Einsteinium",
      "lambang": "Es"
    }
  },
  {
    "result": {
      "nama": "Litium",
      "lambang": "Li"
    }
  },
  {
    "result": {
      "nama": "Amerisium",
      "lambang": "Am"
    }
  },
  {
    "result": {
      "nama": "Aluminium",
      "lambang": "Al"
    }
  },
  {
    "result": {
      "nama": "Iterbium",
      "lambang": "Yb"
    }
  },
  {
    "result": {
      "nama": "Magnesium",
      "lambang": "Mg"
    }
  },
  {
    "result": {
      "nama": "Radon",
      "lambang": "Rn"
    }
  },
  {
    "result": {
      "nama": "Fluor",
      "lambang": "F"
    }
  },
  {
    "result": {
      "nama": "Aluminium",
      "lambang": "Al"
    }
  },
  {
    "result": {
      "nama": "Iterbium",
      "lambang": "Yb"
    }
  },
  {
    "result": {
      "nama": "Neodimium",
      "lambang": "Nd"
    }
  },
  {
    "result": {
      "nama": "Yodium",
      "lambang": "I"
    }
  },
  {
    "result": {
      "nama": "Kobalt",
      "lambang": "Co"
    }
  },
  {
    "result": {
      "nama": "Timbal",
      "lambang": "Pb"
    }
  },
  {
    "result": {
      "nama": "Zirkonium",
      "lambang": "Zr"
    }
  },
  {
    "result": {
      "nama": "Kalifornium",
      "lambang": "Cf"
    }
  },
  {
    "result": {
      "nama": "Sesium",
      "lambang": "Cs"
    }
  },
  {
    "result": {
      "nama": "Europium",
      "lambang": "Eu"
    }
  },
  {
    "result": {
      "nama": "Erbium",
      "lambang": "Er"
    }
  },
  {
    "result": {
      "nama": "Serium",
      "lambang": "Ce"
    }
  },
  {
    "result": {
      "nama": "Antimon",
      "lambang": "Sb"
    }
  },
  {
    "result": {
      "nama": "Iridium",
      "lambang": "I"
    }
  },
  {
    "result": {
      "nama": "Arsenik",
      "lambang": "As"
    }
  },
  {
    "result": {
      "nama": "Tembaga",
      "lambang": "Cu"
    }
  },
  {
    "result": {
      "nama": "Bismut",
      "lambang": "Bi"
    }
  },
  {
    "result": {
      "nama": "Germanium",
      "lambang": "Ge"
    }
  },
  {
    "result": {
      "nama": "Magnesium",
      "lambang": "Mg"
    }
  },
  {
    "result": {
      "nama": "Prometium",
      "lambang": "Pm"
    }
  },
  {
    "result": {
      "nama": "Antimon",
      "lambang": "Sb"
    }
  },
  {
    "result": {
      "nama": "Natrium",
      "lambang": "Na"
    }
  },
  {
    "result": {
      "nama": "Hidrogen",
      "lambang": "H"
    }
  },
  {
    "result": {
      "nama": "Kopernisium",
      "lambang": "Cn"
    }
  },
  {
    "result": {
      "nama": "Lutetium",
      "lambang": "Lu"
    }
  },
  {
    "result": {
      "nama": "Amerisium",
      "lambang": "Am"
    }
  },
  {
    "result": {
      "nama": "Astatin",
      "lambang": "At"
    }
  },
  {
    "result": {
      "nama": "Dubnium",
      "lambang": "Db"
    }
  },
  {
    "result": {
      "nama": "Strontium",
      "lambang": "Sr"
    }
  },
  {
    "result": {
      "nama": "Praseodimium",
      "lambang": "Pr"
    }
  },
  {
    "result": {
      "nama": "Hafnium",
      "lambang": "Hf"
    }
  },
  {
    "result": {
      "nama": "Barium",
      "lambang": "Ba"
    }
  },
  {
    "result": {
      "nama": "Mangan",
      "lambang": "Mn"
    }
  },
  {
    "result": {
      "nama": "Fermium",
      "lambang": "Fm"
    }
  },
  {
    "result": {
      "nama": "Itrium",
      "lambang": "Y"
    }
  },
  {
    "result": {
      "nama": "Telurium",
      "lambang": "Te"
    }
  },
  {
    "result": {
      "nama": "Litium",
      "lambang": "Li"
    }
  },
  {
    "result": {
      "nama": "Torium",
      "lambang": "Th"
    }
  },
  {
    "result": {
      "nama": "Emas",
      "lambang": "Au"
    }
  },
  {
    "result": {
      "nama": "Torium",
      "lambang": "Th"
    }
  },
  {
    "result": {
      "nama": "Itrium",
      "lambang": "Y"
    }
  },
  {
    "result": {
      "nama": "Serium",
      "lambang": "Ce"
    }
  },
  {
    "result": {
      "nama": "Disprosium",
      "lambang": "Dy"
    }
  },
  {
    "result": {
      "nama": "Roentgenium",
      "lambang": "Rg"
    }
  },
  {
    "result": {
      "nama": "Oksigen",
      "lambang": "O"
    }
  },
  {
    "result": {
      "nama": "Belerang",
      "lambang": "S"
    }
  },
  {
    "result": {
      "nama": "Barium",
      "lambang": "Ba"
    }
  },
  {
    "result": {
      "nama": "Lutetium",
      "lambang": "Lu"
    }
  },
  {
    "result": {
      "nama": "Strontium",
      "lambang": "Sr"
    }
  },
  {
    "result": {
      "nama": "Praseodimium",
      "lambang": "Pr"
    }
  },
  {
    "result": {
      "nama": "Nikel",
      "lambang": "Ni"
    }
  },
  {
    "result": {
      "nama": "Einsteinium",
      "lambang": "Es"
    }
  },
  {
    "result": {
      "nama": "Brom",
      "lambang": "Br"
    }
  },
  {
    "result": {
      "nama": "Europium",
      "lambang": "Eu"
    }
  },
  {
    "result": {
      "nama": "Gadolinium",
      "lambang": "Gd"
    }
  },
  {
    "result": {
      "nama": "Plutonium",
      "lambang": "Pu"
    }
  },
  {
    "result": {
      "nama": "Karbon",
      "lambang": "C"
    }
  },
  {
    "result": {
      "nama": "Titanium",
      "lambang": "Ti"
    }
  },
  {
    "result": {
      "nama": "Radium",
      "lambang": "Ra"
    }
  },
  {
    "result": {
      "nama": "Oganeson",
      "lambang": "Og"
    }
  },
  {
    "result": {
      "nama": "Rodium",
      "lambang": "Rh"
    }
  },
  {
    "result": {
      "nama": "Selenium",
      "lambang": "Se"
    }
  },
  {
    "result": {
      "nama": "Oksigen",
      "lambang": "O"
    }
  },
  {
    "result": {
      "nama": "Nikel",
      "lambang": "Ni"
    }
  },
  {
    "result": {
      "nama": "Kalium",
      "lambang": "K"
    }
  },
  {
    "result": {
      "nama": "Rubidium",
      "lambang": "Rb"
    }
  },
  {
    "result": {
      "nama": "Holmium",
      "lambang": "Ho"
    }
  },
  {
    "result": {
      "nama": "Magnesium",
      "lambang": "Mg"
    }
  },
  {
    "result": {
      "nama": "Zirkonium",
      "lambang": "Zr"
    }
  },
  {
    "result": {
      "nama": "Barium",
      "lambang": "Ba"
    }
  },
  {
    "result": {
      "nama": "Sesium",
      "lambang": "Cs"
    }
  },
  {
    "result": {
      "nama": "Galium",
      "lambang": "Ga"
    }
  },
  {
    "result": {
      "nama": "Tantalum",
      "lambang": "Ta"
    }
  },
  {
    "result": {
      "nama": "Kripton",
      "lambang": "Kr"
    }
  },
  {
    "result": {
      "nama": "Tantalum",
      "lambang": "Ta"
    }
  },
  {
    "result": {
      "nama": "Plutonium",
      "lambang": "Pu"
    }
  },
  {
    "result": {
      "nama": "Yodium",
      "lambang": "I"
    }
  },
  {
    "result": {
      "nama": "Raksa",
      "lambang": "Hg"
    }
  },
  {
    "result": {
      "nama": "Lawrensium",
      "lambang": "Lr"
    }
  },
  {
    "result": {
      "nama": "Skandium",
      "lambang": "Sc"
    }
  },
  {
    "result": {
      "nama": "Mendelevium",
      "lambang": "Md"
    }
  },
  {
    "result": {
      "nama": "Fosfor",
      "lambang": "P"
    }
  },
  {
    "result": {
      "nama": "Germanium",
      "lambang": "Ge"
    }
  },
  {
    "result": {
      "nama": "Fluor",
      "lambang": "F"
    }
  },
  {
    "result": {
      "nama": "Fosfor",
      "lambang": "P"
    }
  },
  {
    "result": {
      "nama": "Antimon",
      "lambang": "Sb"
    }
  },
  {
    "result": {
      "nama": "Mendelevium",
      "lambang": "Md"
    }
  },
  {
    "result": {
      "nama": "Oksigen",
      "lambang": "O"
    }
  },
  {
    "result": {
      "nama": "Helium",
      "lambang": "He"
    }
  },
  {
    "result": {
      "nama": "Prometium",
      "lambang": "Pm"
    }
  },
  {
    "result": {
      "nama": "Kadmium",
      "lambang": "Cd"
    }
  },
  {
    "result": {
      "nama": "Titanium",
      "lambang": "Ti"
    }
  },
  {
    "result": {
      "nama": "Bohrium",
      "lambang": "Bh"
    }
  },
  {
    "result": {
      "nama": "Barium",
      "lambang": "Ba"
    }
  },
  {
    "result": {
      "nama": "Tantalum",
      "lambang": "Ta"
    }
  },
  {
    "result": {
      "nama": "Berilium",
      "lambang": "Be"
    }
  },
  {
    "result": {
      "nama": "Moscovium",
      "lambang": "Mc"
    }
  },
  {
    "result": {
      "nama": "Karbon",
      "lambang": "C"
    }
  },
  {
    "result": {
      "nama": "Terbium",
      "lambang": "Tb"
    }
  },
  {
    "result": {
      "nama": "Skandium",
      "lambang": "Sc"
    }
  },
  {
    "result": {
      "nama": "Xenon",
      "lambang": "Xe"
    }
  },
  {
    "result": {
      "nama": "Nikel",
      "lambang": "Ni"
    }
  },
  {
    "result": {
      "nama": "Oksigen",
      "lambang": "O"
    }
  },
  {
    "result": {
      "nama": "Krom",
      "lambang": "Cr"
    }
  },
  {
    "result": {
      "nama": "Fransium",
      "lambang": "Fr"
    }
  },
  {
    "result": {
      "nama": "Paladium",
      "lambang": "Pd"
    }
  },
  {
    "result": {
      "nama": "Torium",
      "lambang": "Th"
    }
  },
  {
    "result": {
      "nama": "Iterbium",
      "lambang": "Yb"
    }
  },
  {
    "result": {
      "nama": "Holmium",
      "lambang": "Ho"
    }
  },
  {
    "result": {
      "nama": "Kopernisium",
      "lambang": "Cn"
    }
  },
  {
    "result": {
      "nama": "Bismut",
      "lambang": "Bi"
    }
  },
  {
    "result": {
      "nama": "Rodium",
      "lambang": "Rh"
    }
  },
  {
    "result": {
      "nama": "Uranium",
      "lambang": "U"
    }
  },
  {
    "result": {
      "nama": "Nihonium",
      "lambang": "Nh"
    }
  },
  {
    "result": {
      "nama": "Lantanum",
      "lambang": "La"
    }
  },
  {
    "result": {
      "nama": "Strontium",
      "lambang": "Sr"
    }
  },
  {
    "result": {
      "nama": "Wolfram",
      "lambang": "W"
    }
  },
  {
    "result": {
      "nama": "Timah",
      "lambang": "Sn"
    }
  },
  {
    "result": {
      "nama": "Holmium",
      "lambang": "Ho"
    }
  },
  {
    "result": {
      "nama": "Aktinium",
      "lambang": "Ac"
    }
  },
  {
    "result": {
      "nama": "Radium",
      "lambang": "Ra"
    }
  },
  {
    "result": {
      "nama": "Mangan",
      "lambang": "Mn"
    }
  },
  {
    "result": {
      "nama": "Holmium",
      "lambang": "Ho"
    }
  },
  {
    "result": {
      "nama": "Besi",
      "lambang": "Fe"
    }
  },
  {
    "result": {
      "nama": "Praseodimium",
      "lambang": "Pr"
    }
  },
  {
    "result": {
      "nama": "Radon",
      "lambang": "Rn"
    }
  },
  {
    "result": {
      "nama": "Arsenik",
      "lambang": "As"
    }
  },
  {
    "result": {
      "nama": "Prometium",
      "lambang": "Pm"
    }
  },
  {
    "result": {
      "nama": "Tembaga",
      "lambang": "Cu"
    }
  },
  {
    "result": {
      "nama": "Platina",
      "lambang": "Pt"
    }
  },
  {
    "result": {
      "nama": "Xenon",
      "lambang": "Xe"
    }
  },
  {
    "result": {
      "nama": "Berkelium",
      "lambang": "Bk"
    }
  },
  {
    "result": {
      "nama": "Flerovium",
      "lambang": "Fl"
    }
  },
  {
    "result": {
      "nama": "Protaktinium",
      "lambang": "Pa"
    }
  },
  {
    "result": {
      "nama": "Oksigen",
      "lambang": "O"
    }
  },
  {
    "result": {
      "nama": "Emas",
      "lambang": "Au"
    }
  },
  {
    "result": {
      "nama": "Rutherfordium",
      "lambang": "Rf"
    }
  },
  {
    "result": {
      "nama": "Fransium",
      "lambang": "Fr"
    }
  },
  {
    "result": {
      "nama": "Molibden",
      "lambang": "Mo"
    }
  },
  {
    "result": {
      "nama": "Serium",
      "lambang": "Ce"
    }
  },
  {
    "result": {
      "nama": "Antimon",
      "lambang": "Sb"
    }
  },
  {
    "result": {
      "nama": "Kadmium",
      "lambang": "Cd"
    }
  },
  {
    "result": {
      "nama": "Hafnium",
      "lambang": "Hf"
    }
  },
  {
    "result": {
      "nama": "Perak",
      "lambang": "Ag"
    }
  },
  {
    "result": {
      "nama": "Brom",
      "lambang": "Br"
    }
  },
  {
    "result": {
      "nama": "Karbon",
      "lambang": "C"
    }
  },
  {
    "result": {
      "nama": "Magnesium",
      "lambang": "Mg"
    }
  },
  {
    "result": {
      "nama": "Tembaga",
      "lambang": "Cu"
    }
  },
  {
    "result": {
      "nama": "Europium",
      "lambang": "Eu"
    }
  },
  {
    "result": {
      "nama": "Rubidium",
      "lambang": "Rb"
    }
  },
  {
    "result": {
      "nama": "Lutetium",
      "lambang": "Lu"
    }
  },
  {
    "result": {
      "nama": "Silikon",
      "lambang": "Si"
    }
  },
  {
    "result": {
      "nama": "Yodium",
      "lambang": "I"
    }
  },
  {
    "result": {
      "nama": "Rutherfordium",
      "lambang": "Rf"
    }
  },
  {
    "result": {
      "nama": "Aluminium",
      "lambang": "Al"
    }
  },
  {
    "result": {
      "nama": "Hafnium",
      "lambang": "Hf"
    }
  },
  {
    "result": {
      "nama": "Perak",
      "lambang": "Ag"
    }
  },
  {
    "result": {
      "nama": "Tulium",
      "lambang": "Tm"
    }
  },
  {
    "result": {
      "nama": "Polonium",
      "lambang": "Po"
    }
  },
  {
    "result": {
      "nama": "Hafnium",
      "lambang": "Hf"
    }
  },
  {
    "result": {
      "nama": "Aluminium",
      "lambang": "Al"
    }
  },
  {
    "result": {
      "nama": "Fosfor",
      "lambang": "P"
    }
  },
  {
    "result": {
      "nama": "Iterbium",
      "lambang": "Yb"
    }
  },
  {
    "result": {
      "nama": "Kalifornium",
      "lambang": "Cf"
    }
  },
  {
    "result": {
      "nama": "Niobium",
      "lambang": "Nb"
    }
  },
  {
    "result": {
      "nama": "Xenon",
      "lambang": "Xe"
    }
  },
  {
    "result": {
      "nama": "Barium",
      "lambang": "Ba"
    }
  },
  {
    "result": {
      "nama": "Erbium",
      "lambang": "Er"
    }
  },
  {
    "result": {
      "nama": "Timah",
      "lambang": "Sn"
    }
  },
  {
    "result": {
      "nama": "Oksigen",
      "lambang": "O"
    }
  },
  {
    "result": {
      "nama": "Einsteinium",
      "lambang": "Es"
    }
  },
  {
    "result": {
      "nama": "Besi",
      "lambang": "Fe"
    }
  },
  {
    "result": {
      "nama": "Natrium",
      "lambang": "Na"
    }
  }
]