[
  {
    "result": {
      "pertanyaan": "Om apa yang pagi siang malam seneng dilaut?",
      "jawaban": "Ombak"
    }
  },
  {
    "result": {
      "pertanyaan": "Sapu apa yang bisa dikantongi?",
      "jawaban": "Saputangan"
    }
  },
  {
    "result": {
      "pertanyaan": "Kepalanya merah, jalannya mundur, tapi bukan undur-undur?",
      "jawaban": "Obat nyamuk"
    }
  },
  {
    "result": {
      "pertanyaan": "Raja apa yang kepalanya sering dipegang?",
      "jawaban": "Raja catur"
    }
  },
  {
    "result": {
      "pertanyaan": "Kalau hitam dibilang bersih tetapi jika putih dibilang kotor, apakah itu?",
      "jawaban": "Papan tulis"
    }
  },
  {
    "result": {
      "pertanyaan": "Kalau dikocok putihnya gak keluar, tapi kalau dipencet malah keluar?",
      "jawaban": "Pasta gigi"
    }
  },
  {
    "result": {
      "pertanyaan": "Bisa melihat tetapi tidak bisa mendengar, apakah itu?",
      "jawaban": "Mata"
    }
  },
  {
    "result": {
      "pertanyaan": "Ular apa yang paling digemari anak-anak?",
      "jawaban": "Ular tangga"
    }
  },
  {
    "result": {
      "pertanyaan": "Ban itu isinya udara, tetapi ada ban yang isinya udaranya dingin?",
      "jawaban": "Bandung"
    }
  },
  {
    "result": {
      "pertanyaan": "Selat apa yang tidak dihimpit oleh dua pulau?",
      "jawaban": "Selatan"
    }
  },
  {
    "result": {
      "pertanyaan": "Dari atas bisa terbang ke bawah, tetapi sudah sampai ke bawah nggak bisa terbang keatas lagi?",
      "jawaban": "Daun"
    }
  },
  {
    "result": {
      "pertanyaan": "Hewan, hewan apa yang perut, kepala, mata, bahkan kakinya di kepala?",
      "jawaban": "Kutu"
    }
  },
  {
    "result": {
      "pertanyaan": "Nyarinya susah, setelah dapet dibuang, apaan?",
      "jawaban": "Upil"
    }
  },
  {
    "result": {
      "pertanyaan": "Anak, anaknya siapa yang selalu diinjak-injak?",
      "jawaban": "Anak tangga"
    }
  },
  {
    "result": {
      "pertanyaan": "Siapa yang hanya punya ‘HAK’ tapi tidak punya ‘Kejwajiban’?",
      "jawaban": "Sepatu"
    }
  },
  {
    "result": {
      "pertanyaan": "Aku punya mata 3, kakiku 1, aku suka berdiri di pinggir jalan, apakah aku?",
      "jawaban": "Lampu merah"
    }
  },
  {
    "result": {
      "pertanyaan": "Masuk kering, keluar lengket, apa hayu?",
      "jawaban": "Permen karet"
    }
  },
  {
    "result": {
      "pertanyaan": "Aku punya mata 3, kakiku 1, aku suka berdiri di pinggir jalan, apakah aku?",
      "jawaban": "Lampu merah"
    }
  },
  {
    "result": {
      "pertanyaan": "Raja apa yang hobinya terbang?",
      "jawaban": "Rajawali"
    }
  },
  {
    "result": {
      "pertanyaan": "Jamu apa yang kalau diminum merusak badan?",
      "jawaban": "Jamuran"
    }
  },
  {
    "result": {
      "pertanyaan": "Dari atas bisa terbang ke bawah, tetapi sudah sampai ke bawah nggak bisa terbang keatas lagi?",
      "jawaban": "Daun"
    }
  },
  {
    "result": {
      "pertanyaan": "Dari atas sampai bawah rasanya sama?",
      "jawaban": "Toge"
    }
  },
  {
    "result": {
      "pertanyaan": "Kering tapi basah, apakah itu?",
      "jawaban": "Keringat"
    }
  },
  {
    "result": {
      "pertanyaan": "Apa arti pribahasa ‘sambil menyelam minum air’?",
      "jawaban": "Tenggelam"
    }
  },
  {
    "result": {
      "pertanyaan": "Bulan apa yang tidak tercantum di kalender?",
      "jawaban": "Bulan madu"
    }
  },
  {
    "result": {
      "pertanyaan": "Kalau dikocok putihnya gak keluar, tapi kalau dipencet malah keluar?",
      "jawaban": "Pasta gigi"
    }
  },
  {
    "result": {
      "pertanyaan": "Kerjanya keliling terus setiap hari, tidak pernah capek, siapakah dia?",
      "jawaban": "Jarum jam"
    }
  },
  {
    "result": {
      "pertanyaan": "Bisa melihat tetapi tidak bisa mendengar, apakah itu?",
      "jawaban": "Mata"
    }
  },
  {
    "result": {
      "pertanyaan": "Om apa yang pagi siang malam seneng dilaut?",
      "jawaban": "Ombak"
    }
  },
  {
    "result": {
      "pertanyaan": "Bank apa yang malah rugi?",
      "jawaban": "Bankrut"
    }
  },
  {
    "result": {
      "pertanyaan": "Bisa dipegang gak bisa diliat?",
      "jawaban": "Kuping"
    }
  },
  {
    "result": {
      "pertanyaan": "Masuk kering, keluar lengket, apa hayu?",
      "jawaban": "Permen karet"
    }
  },
  {
    "result": {
      "pertanyaan": "Ular apa yang paling digemari anak-anak?",
      "jawaban": "Ular tangga"
    }
  },
  {
    "result": {
      "pertanyaan": "Nyarinya susah, setelah dapet dibuang, apaan?",
      "jawaban": "Upil"
    }
  },
  {
    "result": {
      "pertanyaan": "Makanan apa yang nama dan warnanya sama?",
      "jawaban": "Coklat"
    }
  },
  {
    "result": {
      "pertanyaan": "Ban apa yang ada di atas tiang?",
      "jawaban": "Bandera"
    }
  },
  {
    "result": {
      "pertanyaan": "Awan apa yang nggak ada dilangit, nggak nurunin hujan, malah bikin orang jengkel?",
      "jawaban": "Sariawan"
    }
  },
  {
    "result": {
      "pertanyaan": "Sapi apa yang bisa nempel ditembok?",
      "jawaban": "Sapiderman"
    }
  },
  {
    "result": {
      "pertanyaan": "Raja apa yang kepalanya sering dipegang?",
      "jawaban": "Raja catur"
    }
  },
  {
    "result": {
      "pertanyaan": "Kalau hitam dibilang bersih tetapi jika putih dibilang kotor, apakah itu?",
      "jawaban": "Papan tulis"
    }
  },
  {
    "result": {
      "pertanyaan": "Mata apa yang malam hari tutup?",
      "jawaban": "Matahari"
    }
  },
  {
    "result": {
      "pertanyaan": "Ban apa yang ada di atas tiang?",
      "jawaban": "Bandera"
    }
  },
  {
    "result": {
      "pertanyaan": "Kereta apa yang tidak bisa menampung orang remaja, dewasa dan orang tua?",
      "jawaban": "Kereta bayi"
    }
  },
  {
    "result": {
      "pertanyaan": "Benda apa yang dimasukkin malah keluar lagi?",
      "jawaban": "Kancing baju"
    }
  },
  {
    "result": {
      "pertanyaan": "Apa yang dipunyai kucing tapi tidak dipunyai hewan laen?",
      "jawaban": "Anak kucing"
    }
  },
  {
    "result": {
      "pertanyaan": "Sapu apa yang bisa dikantongi?",
      "jawaban": "Saputangan"
    }
  },
  {
    "result": {
      "pertanyaan": "Barang apa yang justru berguna kalo udah pecah?",
      "jawaban": "Telur"
    }
  },
  {
    "result": {
      "pertanyaan": "Jika ada lilin dan obor, mana yang sebaiknya dinyalakan dulu agar lebih terang?",
      "jawaban": "Korek api"
    }
  },
  {
    "result": {
      "pertanyaan": "Kecil, kurus, tapi banyak dagingnya, apa hayu?",
      "jawaban": "Sate"
    }
  },
  {
    "result": {
      "pertanyaan": "Ketua apa yang rambutnya putih?",
      "jawaban": "Ketuaan"
    }
  },
  {
    "result": {
      "pertanyaan": "Singa apa yang sering dikunjungi orang?",
      "jawaban": "Singapore"
    }
  },
  {
    "result": {
      "pertanyaan": "Buah apa yang selalu membuat kita waspada?",
      "jawaban": "Buahaya"
    }
  },
  {
    "result": {
      "pertanyaan": "Kutu apa yang paling mengerikan?",
      "jawaban": "Kutukan"
    }
  },
  {
    "result": {
      "pertanyaan": "Naiknya cepet turunnya lamban?",
      "jawaban": "Ingus"
    }
  },
  {
    "result": {
      "pertanyaan": "Bis apa yang bisa dimakan?",
      "jawaban": "Biskuit"
    }
  },
  {
    "result": {
      "pertanyaan": "Dianggap bertambah, tetapi nyatanya berkurang, apakah itu?",
      "jawaban": "Umur"
    }
  },
  {
    "result": {
      "pertanyaan": "Gajah apa yang belalainya pendek?",
      "jawaban": "Gajah pesek"
    }
  },
  {
    "result": {
      "pertanyaan": "Naiknya cepet turunnya lamban?",
      "jawaban": "Ingus"
    }
  },
  {
    "result": {
      "pertanyaan": "Om apa yang pagi siang malam seneng dilaut?",
      "jawaban": "Ombak"
    }
  },
  {
    "result": {
      "pertanyaan": "Meski sudah dipotong, tapi tetap panjang, apakah itu?",
      "jawaban": "Kacang panjang"
    }
  },
  {
    "result": {
      "pertanyaan": "Laut apa yang nggak punya nyawa?",
      "jawaban": "Laut mati"
    }
  },
  {
    "result": {
      "pertanyaan": "Mandi apa yang nggak bikin badan basah?",
      "jawaban": "Mandi bola"
    }
  },
  {
    "result": {
      "pertanyaan": "Kota apa yang paling menyedihkan?",
      "jawaban": "Kota malang"
    }
  },
  {
    "result": {
      "pertanyaan": "Apa yang dipunyai kucing tapi tidak dipunyai hewan laen?",
      "jawaban": "Anak kucing"
    }
  },
  {
    "result": {
      "pertanyaan": "Dikupas kulitnya ada bijinya, digigit bijinya ada batangnya apa coba?",
      "jawaban": "Jagung"
    }
  },
  {
    "result": {
      "pertanyaan": "Selat apa yang tidak dihimpit oleh dua pulau?",
      "jawaban": "Selatan"
    }
  },
  {
    "result": {
      "pertanyaan": "Ban itu isinya udara, tetapi ada ban yang isinya udaranya dingin?",
      "jawaban": "Bandung"
    }
  },
  {
    "result": {
      "pertanyaan": "Kabar apa sebesar gajah tetapi beratnya 0 kg?",
      "jawaban": "Kabar burung"
    }
  },
  {
    "result": {
      "pertanyaan": "Om apa yang pagi siang malam seneng dilaut?",
      "jawaban": "Ombak"
    }
  },
  {
    "result": {
      "pertanyaan": "Kutu apa yang paling mengerikan?",
      "jawaban": "Kutukan"
    }
  },
  {
    "result": {
      "pertanyaan": "Makin diisi, makin ringan, apa hayu?",
      "jawaban": "Balon gas"
    }
  },
  {
    "result": {
      "pertanyaan": "Ketua apa yang rambutnya putih?",
      "jawaban": "Ketuaan"
    }
  },
  {
    "result": {
      "pertanyaan": "Bulat berwarna, tapi kalau kentut jadi kurus apa itu?",
      "jawaban": "Balon"
    }
  },
  {
    "result": {
      "pertanyaan": "Kalau hitam dibilang bersih tetapi jika putih dibilang kotor, apakah itu?",
      "jawaban": "Papan tulis"
    }
  },
  {
    "result": {
      "pertanyaan": "Dari atas bisa terbang ke bawah, tetapi sudah sampai ke bawah nggak bisa terbang keatas lagi?",
      "jawaban": "Daun"
    }
  },
  {
    "result": {
      "pertanyaan": "Game apa yang sangat mengerikan?",
      "jawaban": "Gamepa bumi"
    }
  },
  {
    "result": {
      "pertanyaan": "Tank apa yang diucapin terakhir kali?",
      "jawaban": "Tank you"
    }
  },
  {
    "result": {
      "pertanyaan": "Hewan, hewan apa yang perut, kepala, mata, bahkan kakinya di kepala?",
      "jawaban": "Kutu"
    }
  },
  {
    "result": {
      "pertanyaan": "Sapu apa yang bisa dikantongi?",
      "jawaban": "Saputangan"
    }
  },
  {
    "result": {
      "pertanyaan": "Binatang apa yang paling banyak muridnya?",
      "jawaban": "Kanguru"
    }
  },
  {
    "result": {
      "pertanyaan": "Apa yang dipunyai kucing tapi tidak dipunyai hewan laen?",
      "jawaban": "Anak kucing"
    }
  },
  {
    "result": {
      "pertanyaan": "Bunga-bunga apa yang paling mahal?",
      "jawaban": "Bungalow"
    }
  },
  {
    "result": {
      "pertanyaan": "Raja apa yang hobinya terbang?",
      "jawaban": "Rajawali"
    }
  },
  {
    "result": {
      "pertanyaan": "Ban apa yang ada di atas tiang?",
      "jawaban": "Bandera"
    }
  },
  {
    "result": {
      "pertanyaan": "Perang apa yang senjatanya lem?",
      "jawaban": "Perangko"
    }
  },
  {
    "result": {
      "pertanyaan": "Hewan apa yang selalu jadi korban pemerasan?",
      "jawaban": "Sapi perah"
    }
  },
  {
    "result": {
      "pertanyaan": "Bulan apa yang tidak tercantum di kalender?",
      "jawaban": "Bulan madu"
    }
  },
  {
    "result": {
      "pertanyaan": "Tank apa yang diucapin terakhir kali?",
      "jawaban": "Tank you"
    }
  },
  {
    "result": {
      "pertanyaan": "Mata apa yang malam hari tutup?",
      "jawaban": "Matahari"
    }
  },
  {
    "result": {
      "pertanyaan": "Dianggap bertambah, tetapi nyatanya berkurang, apakah itu?",
      "jawaban": "Umur"
    }
  },
  {
    "result": {
      "pertanyaan": "Awan apa yang nggak ada dilangit, nggak nurunin hujan, malah bikin orang jengkel?",
      "jawaban": "Sariawan"
    }
  },
  {
    "result": {
      "pertanyaan": "Hewan apa yang sering menerima kesalahan orang lain?",
      "jawaban": "Kambing hitam"
    }
  },
  {
    "result": {
      "pertanyaan": "Apaan yang naik turun di bawah puser?",
      "jawaban": "Resleting"
    }
  },
  {
    "result": {
      "pertanyaan": "Nasi apa yang gak pernah basi?",
      "jawaban": "Nasihat"
    }
  },
  {
    "result": {
      "pertanyaan": "Bisa dipegang gak bisa diliat?",
      "jawaban": "Kuping"
    }
  },
  {
    "result": {
      "pertanyaan": "Kalau hitam dibilang bersih tetapi jika putih dibilang kotor, apakah itu?",
      "jawaban": "Papan tulis"
    }
  },
  {
    "result": {
      "pertanyaan": "Perang apa yang senjatanya lem?",
      "jawaban": "Perangko"
    }
  },
  {
    "result": {
      "pertanyaan": "Selat apa yang tidak dihimpit oleh dua pulau?",
      "jawaban": "Selatan"
    }
  },
  {
    "result": {
      "pertanyaan": "Kue apa yang tengahnya gak ada rasanya?",
      "jawaban": "Donat"
    }
  },
  {
    "result": {
      "pertanyaan": "Punya kepala, punya leher, tidak punya tangan, tidak punya kaki, tetapi dia bisa berdiri?",
      "jawaban": "Botol"
    }
  },
  {
    "result": {
      "pertanyaan": "Aku punya mata 3, kakiku 1, aku suka berdiri di pinggir jalan, apakah aku?",
      "jawaban": "Lampu merah"
    }
  },
  {
    "result": {
      "pertanyaan": "Anak apa yang larinya cepet?",
      "jawaban": "Anak panah"
    }
  },
  {
    "result": {
      "pertanyaan": "Mata apa yang bisa naklukin banteng?",
      "jawaban": "Matador"
    }
  },
  {
    "result": {
      "pertanyaan": "Laut apa yang nggak punya nyawa?",
      "jawaban": "Laut mati"
    }
  },
  {
    "result": {
      "pertanyaan": "Binatang apa yang paling banyak muridnya?",
      "jawaban": "Kanguru"
    }
  },
  {
    "result": {
      "pertanyaan": "Kereta apa yang tidak bisa menampung orang remaja, dewasa dan orang tua?",
      "jawaban": "Kereta bayi"
    }
  },
  {
    "result": {
      "pertanyaan": "Raja apa yang hobinya terbang?",
      "jawaban": "Rajawali"
    }
  },
  {
    "result": {
      "pertanyaan": "Kereta apa yang tidak bisa menampung orang remaja, dewasa dan orang tua?",
      "jawaban": "Kereta bayi"
    }
  },
  {
    "result": {
      "pertanyaan": "Ular apa yang bisa senam?",
      "jawaban": "Ularaga"
    }
  },
  {
    "result": {
      "pertanyaan": "Singa apa yang sering dikunjungi orang?",
      "jawaban": "Singapore"
    }
  },
  {
    "result": {
      "pertanyaan": "Perang apa yang senjatanya lem?",
      "jawaban": "Perangko"
    }
  },
  {
    "result": {
      "pertanyaan": "Meski sudah dipotong, tapi tetap panjang, apakah itu?",
      "jawaban": "Kacang panjang"
    }
  },
  {
    "result": {
      "pertanyaan": "Awan apa yang nggak ada dilangit, nggak nurunin hujan, malah bikin orang jengkel?",
      "jawaban": "Sariawan"
    }
  },
  {
    "result": {
      "pertanyaan": "Raja apa yang hobinya terbang?",
      "jawaban": "Rajawali"
    }
  },
  {
    "result": {
      "pertanyaan": "Mandi apa yang nggak bikin badan basah?",
      "jawaban": "Mandi bola"
    }
  },
  {
    "result": {
      "pertanyaan": "Benda apa keluar ketika diputar?",
      "jawaban": "Lipstik"
    }
  },
  {
    "result": {
      "pertanyaan": "Paku apa yang ditakuti kuda?",
      "jawaban": "Pakusir"
    }
  },
  {
    "result": {
      "pertanyaan": "Nasi apa yang gak pernah basi?",
      "jawaban": "Nasihat"
    }
  },
  {
    "result": {
      "pertanyaan": "Barang apa yang justru berguna kalo udah pecah?",
      "jawaban": "Telur"
    }
  },
  {
    "result": {
      "pertanyaan": "Nama anak yang paling panjang sedunia?",
      "jawaban": "Anak sungai"
    }
  },
  {
    "result": {
      "pertanyaan": "Malam apa yang mengerikan?",
      "jawaban": "Malampir"
    }
  },
  {
    "result": {
      "pertanyaan": "Paku apa yang ditakuti kuda?",
      "jawaban": "Pakusir"
    }
  },
  {
    "result": {
      "pertanyaan": "Apa yang bulet kecil item, tapi kalo dipencet keluar orangnya?",
      "jawaban": "Bel rumah"
    }
  },
  {
    "result": {
      "pertanyaan": "Perang apa yang senjatanya lem?",
      "jawaban": "Perangko"
    }
  },
  {
    "result": {
      "pertanyaan": "Mandi apa yang nggak bikin badan basah?",
      "jawaban": "Mandi bola"
    }
  },
  {
    "result": {
      "pertanyaan": "Dia bisa menolong orang dalam kegelapan, tapi dia malah mengorbankan diri pelan-pelan, siapakah dia?",
      "jawaban": "Lilin"
    }
  },
  {
    "result": {
      "pertanyaan": "Kue apa yang tengahnya gak ada rasanya?",
      "jawaban": "Donat"
    }
  },
  {
    "result": {
      "pertanyaan": "Kue apa yang tengahnya gak ada rasanya?",
      "jawaban": "Donat"
    }
  },
  {
    "result": {
      "pertanyaan": "Apaan yang naik turun di bawah puser?",
      "jawaban": "Resleting"
    }
  },
  {
    "result": {
      "pertanyaan": "Mandi apa yang nggak bikin badan basah?",
      "jawaban": "Mandi bola"
    }
  },
  {
    "result": {
      "pertanyaan": "Raja apa yang hobinya terbang?",
      "jawaban": "Rajawali"
    }
  },
  {
    "result": {
      "pertanyaan": "Benda apa keluar ketika diputar?",
      "jawaban": "Lipstik"
    }
  },
  {
    "result": {
      "pertanyaan": "Nama anak yang paling panjang sedunia?",
      "jawaban": "Anak sungai"
    }
  },
  {
    "result": {
      "pertanyaan": "Binatang apa yang paling banyak muridnya?",
      "jawaban": "Kanguru"
    }
  },
  {
    "result": {
      "pertanyaan": "Kutu apa yang paling mengerikan?",
      "jawaban": "Kutukan"
    }
  },
  {
    "result": {
      "pertanyaan": "Mobil apa yang hanya bisa dilihat di HP android dan iphone?",
      "jawaban": "Mobile legend"
    }
  },
  {
    "result": {
      "pertanyaan": "Binatang apa yang gak pernah rugi?",
      "jawaban": "Laba-laba"
    }
  },
  {
    "result": {
      "pertanyaan": "Ban itu isinya udara, tetapi ada ban yang isinya udaranya dingin?",
      "jawaban": "Bandung"
    }
  },
  {
    "result": {
      "pertanyaan": "Ban itu isinya udara, tetapi ada ban yang isinya udaranya dingin?",
      "jawaban": "Bandung"
    }
  },
  {
    "result": {
      "pertanyaan": "Hewan apa yang selalu jadi korban pemerasan?",
      "jawaban": "Sapi perah"
    }
  },
  {
    "result": {
      "pertanyaan": "Barang apa yang justru berguna kalo udah pecah?",
      "jawaban": "Telur"
    }
  },
  {
    "result": {
      "pertanyaan": "Laut apa yang nggak punya nyawa?",
      "jawaban": "Laut mati"
    }
  },
  {
    "result": {
      "pertanyaan": "Paku apa yang ditakuti kuda?",
      "jawaban": "Pakusir"
    }
  },
  {
    "result": {
      "pertanyaan": "Jika ada lilin dan obor, mana yang sebaiknya dinyalakan dulu agar lebih terang?",
      "jawaban": "Korek api"
    }
  },
  {
    "result": {
      "pertanyaan": "Bunga-bunga apa yang paling mahal?",
      "jawaban": "Bungalow"
    }
  },
  {
    "result": {
      "pertanyaan": "Om apa yang pagi siang malam seneng dilaut?",
      "jawaban": "Ombak"
    }
  },
  {
    "result": {
      "pertanyaan": "Apa yang sebesar gajah tetapi beratnya 0 kg?",
      "jawaban": "Bayangan gajah"
    }
  },
  {
    "result": {
      "pertanyaan": "Barang apa yang justru berguna kalo udah pecah?",
      "jawaban": "Telur"
    }
  },
  {
    "result": {
      "pertanyaan": "Apa yang sebesar gajah tetapi beratnya 0 kg?",
      "jawaban": "Bayangan gajah"
    }
  },
  {
    "result": {
      "pertanyaan": "Es apa yang suka dinaiki orang?",
      "jawaban": "Eskalator"
    }
  },
  {
    "result": {
      "pertanyaan": "Ban apa yang enak dimakan?",
      "jawaban": "Bandeng"
    }
  },
  {
    "result": {
      "pertanyaan": "Mata apa yang malam hari tutup?",
      "jawaban": "Matahari"
    }
  },
  {
    "result": {
      "pertanyaan": "Kue apa yang tengahnya gak ada rasanya?",
      "jawaban": "Donat"
    }
  },
  {
    "result": {
      "pertanyaan": "Ban itu isinya udara, tetapi ada ban yang isinya udaranya dingin?",
      "jawaban": "Bandung"
    }
  },
  {
    "result": {
      "pertanyaan": "Kerjanya keliling terus setiap hari, tidak pernah capek, siapakah dia?",
      "jawaban": "Jarum jam"
    }
  },
  {
    "result": {
      "pertanyaan": "Apa arti pribahasa ‘sambil menyelam minum air’?",
      "jawaban": "Tenggelam"
    }
  },
  {
    "result": {
      "pertanyaan": "Makanan apa yang nama dan warnanya sama?",
      "jawaban": "Coklat"
    }
  },
  {
    "result": {
      "pertanyaan": "Rambut apa yang gak perlu disisir?",
      "jawaban": "Rambutan"
    }
  },
  {
    "result": {
      "pertanyaan": "Binatang apa yang gak pernah rugi?",
      "jawaban": "Laba-laba"
    }
  },
  {
    "result": {
      "pertanyaan": "Om apa yang pagi siang malam seneng dilaut?",
      "jawaban": "Ombak"
    }
  },
  {
    "result": {
      "pertanyaan": "Bunga-bunga apa yang paling mahal?",
      "jawaban": "Bungalow"
    }
  },
  {
    "result": {
      "pertanyaan": "Nenek nenek jatuh di kali, munculnya dimana?",
      "jawaban": "Di koran"
    }
  },
  {
    "result": {
      "pertanyaan": "Mata apa yang malam hari tutup?",
      "jawaban": "Matahari"
    }
  },
  {
    "result": {
      "pertanyaan": "Apaan yang naik turun di bawah puser?",
      "jawaban": "Resleting"
    }
  },
  {
    "result": {
      "pertanyaan": "Kutu apa yang paling mengerikan?",
      "jawaban": "Kutukan"
    }
  },
  {
    "result": {
      "pertanyaan": "Jika ada lilin dan obor, mana yang sebaiknya dinyalakan dulu agar lebih terang?",
      "jawaban": "Korek api"
    }
  },
  {
    "result": {
      "pertanyaan": "Bunga-bunga apa yang paling mahal?",
      "jawaban": "Bungalow"
    }
  },
  {
    "result": {
      "pertanyaan": "Sapu apa yang bisa dikantongi?",
      "jawaban": "Saputangan"
    }
  },
  {
    "result": {
      "pertanyaan": "Hewan, hewan apa yang perut, kepala, mata, bahkan kakinya di kepala?",
      "jawaban": "Kutu"
    }
  },
  {
    "result": {
      "pertanyaan": "Kutu apa yang paling mengerikan?",
      "jawaban": "Kutukan"
    }
  },
  {
    "result": {
      "pertanyaan": "Om apa yang pagi siang malam seneng dilaut?",
      "jawaban": "Ombak"
    }
  },
  {
    "result": {
      "pertanyaan": "Apa yang sebesar gajah tetapi beratnya 0 kg?",
      "jawaban": "Bayangan gajah"
    }
  },
  {
    "result": {
      "pertanyaan": "Siapa yang hanya punya ‘HAK’ tapi tidak punya ‘Kejwajiban’?",
      "jawaban": "Sepatu"
    }
  },
  {
    "result": {
      "pertanyaan": "Raja apa yang hobinya terbang?",
      "jawaban": "Rajawali"
    }
  },
  {
    "result": {
      "pertanyaan": "Bisa dipegang gak bisa diliat?",
      "jawaban": "Kuping"
    }
  },
  {
    "result": {
      "pertanyaan": "Gajah apa yang belalainya pendek?",
      "jawaban": "Gajah pesek"
    }
  },
  {
    "result": {
      "pertanyaan": "Benda panjang dan lonjong, huruf awalnya K, huruf akhirnya L, apa hayu?",
      "jawaban": "Kapsul"
    }
  },
  {
    "result": {
      "pertanyaan": "Apaan yang naik turun di bawah puser?",
      "jawaban": "Resleting"
    }
  },
  {
    "result": {
      "pertanyaan": "Mata apa yang bisa naklukin banteng?",
      "jawaban": "Matador"
    }
  },
  {
    "result": {
      "pertanyaan": "Orang apa yang masuk botol?",
      "jawaban": "Orang aring"
    }
  },
  {
    "result": {
      "pertanyaan": "Ular apa yang paling digemari anak-anak?",
      "jawaban": "Ular tangga"
    }
  },
  {
    "result": {
      "pertanyaan": "Sapu apa yang bisa dikantongi?",
      "jawaban": "Saputangan"
    }
  },
  {
    "result": {
      "pertanyaan": "Tong…. tong apa yang rasanya enak?",
      "jawaban": "Tongseng"
    }
  },
  {
    "result": {
      "pertanyaan": "Warna dan buah apa yang disukai wanita?",
      "jawaban": "Merah jambu"
    }
  },
  {
    "result": {
      "pertanyaan": "Meski sudah dipotong, tapi tetap panjang, apakah itu?",
      "jawaban": "Kacang panjang"
    }
  },
  {
    "result": {
      "pertanyaan": "Dari atas sampai bawah rasanya sama?",
      "jawaban": "Toge"
    }
  },
  {
    "result": {
      "pertanyaan": "Awan apa yang nggak ada dilangit, nggak nurunin hujan, malah bikin orang jengkel?",
      "jawaban": "Sariawan"
    }
  },
  {
    "result": {
      "pertanyaan": "Raja apa yang hobinya terbang?",
      "jawaban": "Rajawali"
    }
  },
  {
    "result": {
      "pertanyaan": "Naiknya cepet turunnya lamban?",
      "jawaban": "Ingus"
    }
  },
  {
    "result": {
      "pertanyaan": "Kabar apa sebesar gajah tetapi beratnya 0 kg?",
      "jawaban": "Kabar burung"
    }
  },
  {
    "result": {
      "pertanyaan": "Kerjanya keliling terus setiap hari, tidak pernah capek, siapakah dia?",
      "jawaban": "Jarum jam"
    }
  },
  {
    "result": {
      "pertanyaan": "Makanan apa yang nama dan warnanya sama?",
      "jawaban": "Coklat"
    }
  },
  {
    "result": {
      "pertanyaan": "Benda panjang dan lonjong, huruf awalnya K, huruf akhirnya L, apa hayu?",
      "jawaban": "Kapsul"
    }
  },
  {
    "result": {
      "pertanyaan": "Kering tapi basah, apakah itu?",
      "jawaban": "Keringat"
    }
  },
  {
    "result": {
      "pertanyaan": "Benda apa yang dimasukkin malah keluar lagi?",
      "jawaban": "Kancing baju"
    }
  },
  {
    "result": {
      "pertanyaan": "Bulat berwarna, tapi kalau kentut jadi kurus apa itu?",
      "jawaban": "Balon"
    }
  },
  {
    "result": {
      "pertanyaan": "Anak, anaknya siapa yang selalu diinjak-injak?",
      "jawaban": "Anak tangga"
    }
  },
  {
    "result": {
      "pertanyaan": "Gimana caranya orang bungkuk tidur?",
      "jawaban": "Merem"
    }
  },
  {
    "result": {
      "pertanyaan": "Mobil apa yang hanya bisa dilihat di HP android dan iphone?",
      "jawaban": "Mobile legend"
    }
  },
  {
    "result": {
      "pertanyaan": "Awan apa yang nggak ada dilangit, nggak nurunin hujan, malah bikin orang jengkel?",
      "jawaban": "Sariawan"
    }
  },
  {
    "result": {
      "pertanyaan": "Bibir apa yang nyeremin?",
      "jawaban": "Bibir jurang"
    }
  },
  {
    "result": {
      "pertanyaan": "Makin diisi, makin ringan, apa hayu?",
      "jawaban": "Balon gas"
    }
  },
  {
    "result": {
      "pertanyaan": "Mata apa yang bisa naklukin banteng?",
      "jawaban": "Matador"
    }
  },
  {
    "result": {
      "pertanyaan": "Laut apa yang nggak punya nyawa?",
      "jawaban": "Laut mati"
    }
  },
  {
    "result": {
      "pertanyaan": "Bel apa yang tidak pernah berbunyi dan sangat licin?",
      "jawaban": "Belut"
    }
  },
  {
    "result": {
      "pertanyaan": "Ban itu isinya udara, tetapi ada ban yang isinya udaranya dingin?",
      "jawaban": "Bandung"
    }
  },
  {
    "result": {
      "pertanyaan": "Apa arti pribahasa ‘sambil menyelam minum air’?",
      "jawaban": "Tenggelam"
    }
  },
  {
    "result": {
      "pertanyaan": "Benda apa yang dimasukkin malah keluar lagi?",
      "jawaban": "Kancing baju"
    }
  },
  {
    "result": {
      "pertanyaan": "Malam apa yang mengerikan?",
      "jawaban": "Malampir"
    }
  },
  {
    "result": {
      "pertanyaan": "Bulat berwarna, tapi kalau kentut jadi kurus apa itu?",
      "jawaban": "Balon"
    }
  },
  {
    "result": {
      "pertanyaan": "Ketua apa yang rambutnya putih?",
      "jawaban": "Ketuaan"
    }
  },
  {
    "result": {
      "pertanyaan": "Kerjanya keliling terus setiap hari, tidak pernah capek, siapakah dia?",
      "jawaban": "Jarum jam"
    }
  },
  {
    "result": {
      "pertanyaan": "Tangga apa yang nggak bisa ndinaiki?",
      "jawaban": "Tangga nada"
    }
  },
  {
    "result": {
      "pertanyaan": "Benda apa yang pertumbuhannya dari panjang jadi pendek?",
      "jawaban": "Pensil"
    }
  },
  {
    "result": {
      "pertanyaan": "Benda apa keluar ketika diputar?",
      "jawaban": "Lipstik"
    }
  },
  {
    "result": {
      "pertanyaan": "Kota apa yang paling menyedihkan?",
      "jawaban": "Kota malang"
    }
  },
  {
    "result": {
      "pertanyaan": "Benda panjang dan lonjong, huruf awalnya K, huruf akhirnya L, apa hayu?",
      "jawaban": "Kapsul"
    }
  },
  {
    "result": {
      "pertanyaan": "Mata apa yang bisa naklukin banteng?",
      "jawaban": "Matador"
    }
  },
  {
    "result": {
      "pertanyaan": "Bulat berwarna, tapi kalau kentut jadi kurus apa itu?",
      "jawaban": "Balon"
    }
  },
  {
    "result": {
      "pertanyaan": "Nenek nenek jatuh di kali, munculnya dimana?",
      "jawaban": "Di koran"
    }
  },
  {
    "result": {
      "pertanyaan": "Benda apa keluar ketika diputar?",
      "jawaban": "Lipstik"
    }
  },
  {
    "result": {
      "pertanyaan": "Dianggap bertambah, tetapi nyatanya berkurang, apakah itu?",
      "jawaban": "Umur"
    }
  },
  {
    "result": {
      "pertanyaan": "Dari atas sampai bawah rasanya sama?",
      "jawaban": "Toge"
    }
  },
  {
    "result": {
      "pertanyaan": "Bisa melihat tetapi tidak bisa mendengar, apakah itu?",
      "jawaban": "Mata"
    }
  },
  {
    "result": {
      "pertanyaan": "Meski sudah dipotong, tapi tetap panjang, apakah itu?",
      "jawaban": "Kacang panjang"
    }
  },
  {
    "result": {
      "pertanyaan": "Rambut apa yang gak perlu disisir?",
      "jawaban": "Rambutan"
    }
  },
  {
    "result": {
      "pertanyaan": "Naiknya cepet turunnya lamban?",
      "jawaban": "Ingus"
    }
  },
  {
    "result": {
      "pertanyaan": "Kalau dikocok putihnya gak keluar, tapi kalau dipencet malah keluar?",
      "jawaban": "Pasta gigi"
    }
  },
  {
    "result": {
      "pertanyaan": "Makin diisi, makin ringan, apa hayu?",
      "jawaban": "Balon gas"
    }
  },
  {
    "result": {
      "pertanyaan": "Hakim apa yang tugasnya bukan di pengadilan?",
      "jawaban": "Hakim garis"
    }
  },
  {
    "result": {
      "pertanyaan": "Sebutkan 4 nama buah dalam satu detik?",
      "jawaban": "Rujak"
    }
  },
  {
    "result": {
      "pertanyaan": "Masuk kering, keluar lengket, apa hayu?",
      "jawaban": "Permen karet"
    }
  },
  {
    "result": {
      "pertanyaan": "Om apa yang pagi siang malam seneng dilaut?",
      "jawaban": "Ombak"
    }
  },
  {
    "result": {
      "pertanyaan": "Ibu apa yang kalo berdiri bikin orang tersanjung?",
      "jawaban": "Ibu jari"
    }
  },
  {
    "result": {
      "pertanyaan": "Ban apa yang enak dimakan?",
      "jawaban": "Bandeng"
    }
  },
  {
    "result": {
      "pertanyaan": "Masuk kering, keluar lengket, apa hayu?",
      "jawaban": "Permen karet"
    }
  },
  {
    "result": {
      "pertanyaan": "Dikupas kulitnya ada bijinya, digigit bijinya ada batangnya apa coba?",
      "jawaban": "Jagung"
    }
  },
  {
    "result": {
      "pertanyaan": "Game apa yang sangat mengerikan?",
      "jawaban": "Gamepa bumi"
    }
  },
  {
    "result": {
      "pertanyaan": "Angka itu jumlahnya tak terhingga, tetapi angka apa yang paling tinggi?",
      "jawaban": "Angkasa"
    }
  },
  {
    "result": {
      "pertanyaan": "Apa arti pribahasa ‘sambil menyelam minum air’?",
      "jawaban": "Tenggelam"
    }
  },
  {
    "result": {
      "pertanyaan": "Benda apa yang dimasukkin malah keluar lagi?",
      "jawaban": "Kancing baju"
    }
  },
  {
    "result": {
      "pertanyaan": "Buah apa yang selalu membuat kita waspada?",
      "jawaban": "Buahaya"
    }
  },
  {
    "result": {
      "pertanyaan": "Kebo apa yang bikin capek hayo?",
      "jawaban": "Kebogor"
    }
  },
  {
    "result": {
      "pertanyaan": "Jamu apa yang kalau diminum merusak badan?",
      "jawaban": "Jamuran"
    }
  },
  {
    "result": {
      "pertanyaan": "Mata apa yang ukurannya sekitar 15 cm?",
      "jawaban": "Mata uang"
    }
  },
  {
    "result": {
      "pertanyaan": "Meski sudah dipotong, tapi tetap panjang, apakah itu?",
      "jawaban": "Kacang panjang"
    }
  },
  {
    "result": {
      "pertanyaan": "Angka itu jumlahnya tak terhingga, tetapi angka apa yang paling tinggi?",
      "jawaban": "Angkasa"
    }
  },
  {
    "result": {
      "pertanyaan": "Orang apa yang masuk botol?",
      "jawaban": "Orang aring"
    }
  },
  {
    "result": {
      "pertanyaan": "Anak, anaknya siapa yang selalu diinjak-injak?",
      "jawaban": "Anak tangga"
    }
  },
  {
    "result": {
      "pertanyaan": "Ular apa yang bisa senam?",
      "jawaban": "Ularaga"
    }
  },
  {
    "result": {
      "pertanyaan": "Bis apa yang bisa dimakan?",
      "jawaban": "Biskuit"
    }
  },
  {
    "result": {
      "pertanyaan": "Nama anak yang paling panjang sedunia?",
      "jawaban": "Anak sungai"
    }
  },
  {
    "result": {
      "pertanyaan": "Barang apa yang justru berguna kalo udah pecah?",
      "jawaban": "Telur"
    }
  },
  {
    "result": {
      "pertanyaan": "Kecil, kurus, tapi banyak dagingnya, apa hayu?",
      "jawaban": "Sate"
    }
  },
  {
    "result": {
      "pertanyaan": "Kecil, kurus, tapi banyak dagingnya, apa hayu?",
      "jawaban": "Sate"
    }
  },
  {
    "result": {
      "pertanyaan": "Bisa melihat tetapi tidak bisa mendengar, apakah itu?",
      "jawaban": "Mata"
    }
  },
  {
    "result": {
      "pertanyaan": "Masuk kering, keluar lengket, apa hayu?",
      "jawaban": "Permen karet"
    }
  },
  {
    "result": {
      "pertanyaan": "Bulan apa yang tidak tercantum di kalender?",
      "jawaban": "Bulan madu"
    }
  },
  {
    "result": {
      "pertanyaan": "Anak, anaknya siapa yang selalu diinjak-injak?",
      "jawaban": "Anak tangga"
    }
  },
  {
    "result": {
      "pertanyaan": "Bibir apa yang nyeremin?",
      "jawaban": "Bibir jurang"
    }
  },
  {
    "result": {
      "pertanyaan": "Gajah apa yang belalainya pendek?",
      "jawaban": "Gajah pesek"
    }
  },
  {
    "result": {
      "pertanyaan": "Kalau hitam dibilang bersih tetapi jika putih dibilang kotor, apakah itu?",
      "jawaban": "Papan tulis"
    }
  },
  {
    "result": {
      "pertanyaan": "Kota apa yang rasanya pahit?",
      "jawaban": "Pare pare"
    }
  },
  {
    "result": {
      "pertanyaan": "Dikupas kulitnya ada bijinya, digigit bijinya ada batangnya apa coba?",
      "jawaban": "Jagung"
    }
  },
  {
    "result": {
      "pertanyaan": "Makanan apa yang nama dan warnanya sama?",
      "jawaban": "Coklat"
    }
  },
  {
    "result": {
      "pertanyaan": "Makanan apa yang nama dan warnanya sama?",
      "jawaban": "Coklat"
    }
  },
  {
    "result": {
      "pertanyaan": "Sebutkan 4 nama buah dalam satu detik?",
      "jawaban": "Rujak"
    }
  },
  {
    "result": {
      "pertanyaan": "Hewan apa yang selalu jadi korban pemerasan?",
      "jawaban": "Sapi perah"
    }
  },
  {
    "result": {
      "pertanyaan": "Benda apa yang pertumbuhannya dari panjang jadi pendek?",
      "jawaban": "Pensil"
    }
  },
  {
    "result": {
      "pertanyaan": "Kota apa yang paling menyedihkan?",
      "jawaban": "Kota malang"
    }
  },
  {
    "result": {
      "pertanyaan": "Laut apa yang nggak punya nyawa?",
      "jawaban": "Laut mati"
    }
  },
  {
    "result": {
      "pertanyaan": "Selat apa yang tidak dihimpit oleh dua pulau?",
      "jawaban": "Selatan"
    }
  },
  {
    "result": {
      "pertanyaan": "Binatang apa yang paling banyak muridnya?",
      "jawaban": "Kanguru"
    }
  },
  {
    "result": {
      "pertanyaan": "Kutu apa yang paling mengerikan?",
      "jawaban": "Kutukan"
    }
  },
  {
    "result": {
      "pertanyaan": "Binatang apa yang gak pernah rugi?",
      "jawaban": "Laba-laba"
    }
  },
  {
    "result": {
      "pertanyaan": "Kota apa yang paling menyedihkan?",
      "jawaban": "Kota malang"
    }
  },
  {
    "result": {
      "pertanyaan": "Bibir apa yang nyeremin?",
      "jawaban": "Bibir jurang"
    }
  },
  {
    "result": {
      "pertanyaan": "Binatang apa yang paling banyak muridnya?",
      "jawaban": "Kanguru"
    }
  },
  {
    "result": {
      "pertanyaan": "Raja apa yang kepalanya sering dipegang?",
      "jawaban": "Raja catur"
    }
  },
  {
    "result": {
      "pertanyaan": "Anak, anaknya siapa yang selalu diinjak-injak?",
      "jawaban": "Anak tangga"
    }
  },
  {
    "result": {
      "pertanyaan": "Hewan apa yang selalu jadi korban pemerasan?",
      "jawaban": "Sapi perah"
    }
  },
  {
    "result": {
      "pertanyaan": "Barang apa yang justru berguna kalo udah pecah?",
      "jawaban": "Telur"
    }
  },
  {
    "result": {
      "pertanyaan": "Kereta apa yang tidak bisa menampung orang remaja, dewasa dan orang tua?",
      "jawaban": "Kereta bayi"
    }
  },
  {
    "result": {
      "pertanyaan": "Kereta apa yang tidak bisa menampung orang remaja, dewasa dan orang tua?",
      "jawaban": "Kereta bayi"
    }
  },
  {
    "result": {
      "pertanyaan": "Binatang apa yang paling banyak muridnya?",
      "jawaban": "Kanguru"
    }
  },
  {
    "result": {
      "pertanyaan": "Tank apa yang diucapin terakhir kali?",
      "jawaban": "Tank you"
    }
  },
  {
    "result": {
      "pertanyaan": "Orang apa yang masuk botol?",
      "jawaban": "Orang aring"
    }
  },
  {
    "result": {
      "pertanyaan": "Apa yang dipunyai kucing tapi tidak dipunyai hewan laen?",
      "jawaban": "Anak kucing"
    }
  },
  {
    "result": {
      "pertanyaan": "Ular apa yang paling digemari anak-anak?",
      "jawaban": "Ular tangga"
    }
  },
  {
    "result": {
      "pertanyaan": "Ibu apa yang kalo berdiri bikin orang tersanjung?",
      "jawaban": "Ibu jari"
    }
  },
  {
    "result": {
      "pertanyaan": "Kalau hitam dibilang bersih tetapi jika putih dibilang kotor, apakah itu?",
      "jawaban": "Papan tulis"
    }
  },
  {
    "result": {
      "pertanyaan": "Bagaimana caranya menghilangkan bau pete dimulut?",
      "jawaban": "Makan jengkol"
    }
  },
  {
    "result": {
      "pertanyaan": "Hewan, hewan apa yang perut, kepala, mata, bahkan kakinya di kepala?",
      "jawaban": "Kutu"
    }
  },
  {
    "result": {
      "pertanyaan": "Kerjanya keliling terus setiap hari, tidak pernah capek, siapakah dia?",
      "jawaban": "Jarum jam"
    }
  },
  {
    "result": {
      "pertanyaan": "Bis apa yang bisa dimakan?",
      "jawaban": "Biskuit"
    }
  },
  {
    "result": {
      "pertanyaan": "Raja apa yang hobinya terbang?",
      "jawaban": "Rajawali"
    }
  },
  {
    "result": {
      "pertanyaan": "Paku apa yang ditakuti kuda?",
      "jawaban": "Pakusir"
    }
  },
  {
    "result": {
      "pertanyaan": "Kue apa yang tengahnya gak ada rasanya?",
      "jawaban": "Donat"
    }
  },
  {
    "result": {
      "pertanyaan": "Dari atas sampai bawah rasanya sama?",
      "jawaban": "Toge"
    }
  },
  {
    "result": {
      "pertanyaan": "Bisa dipegang gak bisa diliat?",
      "jawaban": "Kuping"
    }
  },
  {
    "result": {
      "pertanyaan": "Hewan apa yang sering menerima kesalahan orang lain?",
      "jawaban": "Kambing hitam"
    }
  },
  {
    "result": {
      "pertanyaan": "Punya kepala, punya leher, tidak punya tangan, tidak punya kaki, tetapi dia bisa berdiri?",
      "jawaban": "Botol"
    }
  },
  {
    "result": {
      "pertanyaan": "Dia bisa menolong orang dalam kegelapan, tapi dia malah mengorbankan diri pelan-pelan, siapakah dia?",
      "jawaban": "Lilin"
    }
  },
  {
    "result": {
      "pertanyaan": "Kue apa yang tengahnya gak ada rasanya?",
      "jawaban": "Donat"
    }
  },
  {
    "result": {
      "pertanyaan": "Sapu apa yang bisa dikantongi?",
      "jawaban": "Saputangan"
    }
  },
  {
    "result": {
      "pertanyaan": "Masuk kering, keluar lengket, apa hayu?",
      "jawaban": "Permen karet"
    }
  },
  {
    "result": {
      "pertanyaan": "Makanan apa yang nama dan warnanya sama?",
      "jawaban": "Coklat"
    }
  },
  {
    "result": {
      "pertanyaan": "Kota apa yang paling menyedihkan?",
      "jawaban": "Kota malang"
    }
  },
  {
    "result": {
      "pertanyaan": "Apa yang bulet kecil item, tapi kalo dipencet keluar orangnya?",
      "jawaban": "Bel rumah"
    }
  },
  {
    "result": {
      "pertanyaan": "Bank apa yang malah rugi?",
      "jawaban": "Bankrut"
    }
  },
  {
    "result": {
      "pertanyaan": "Sapi apa yang bisa nempel ditembok?",
      "jawaban": "Sapiderman"
    }
  },
  {
    "result": {
      "pertanyaan": "Kota apa yang paling menyedihkan?",
      "jawaban": "Kota malang"
    }
  },
  {
    "result": {
      "pertanyaan": "Kabar apa sebesar gajah tetapi beratnya 0 kg?",
      "jawaban": "Kabar burung"
    }
  },
  {
    "result": {
      "pertanyaan": "Binatang apa yang gak pernah rugi?",
      "jawaban": "Laba-laba"
    }
  },
  {
    "result": {
      "pertanyaan": "Hewan apa yang sering menerima kesalahan orang lain?",
      "jawaban": "Kambing hitam"
    }
  },
  {
    "result": {
      "pertanyaan": "Apa yang dipunyai kucing tapi tidak dipunyai hewan laen?",
      "jawaban": "Anak kucing"
    }
  },
  {
    "result": {
      "pertanyaan": "Benda apa yang pertumbuhannya dari panjang jadi pendek?",
      "jawaban": "Pensil"
    }
  },
  {
    "result": {
      "pertanyaan": "Kebo apa yang bikin capek hayo?",
      "jawaban": "Kebogor"
    }
  },
  {
    "result": {
      "pertanyaan": "Paku apa yang ditakuti kuda?",
      "jawaban": "Pakusir"
    }
  },
  {
    "result": {
      "pertanyaan": "Rambut apa yang gak perlu disisir?",
      "jawaban": "Rambutan"
    }
  },
  {
    "result": {
      "pertanyaan": "Mandi apa yang nggak bikin badan basah?",
      "jawaban": "Mandi bola"
    }
  },
  {
    "result": {
      "pertanyaan": "Kebo apa yang bikin capek hayo?",
      "jawaban": "Kebogor"
    }
  },
  {
    "result": {
      "pertanyaan": "Selat apa yang tidak dihimpit oleh dua pulau?",
      "jawaban": "Selatan"
    }
  },
  {
    "result": {
      "pertanyaan": "Benda apa yang dimasukkin malah keluar lagi?",
      "jawaban": "Kancing baju"
    }
  },
  {
    "result": {
      "pertanyaan": "Sapi, sapi apa yang bisa nulis?",
      "jawaban": "Sapidol"
    }
  },
  {
    "result": {
      "pertanyaan": "Kota apa yang paling menyedihkan?",
      "jawaban": "Kota malang"
    }
  },
  {
    "result": {
      "pertanyaan": "Kota apa yang paling menyedihkan?",
      "jawaban": "Kota malang"
    }
  },
  {
    "result": {
      "pertanyaan": "Game apa yang sangat mengerikan?",
      "jawaban": "Gamepa bumi"
    }
  },
  {
    "result": {
      "pertanyaan": "Mata apa yang ukurannya sekitar 15 cm?",
      "jawaban": "Mata uang"
    }
  },
  {
    "result": {
      "pertanyaan": "Hewan, hewan apa yang perut, kepala, mata, bahkan kakinya di kepala?",
      "jawaban": "Kutu"
    }
  },
  {
    "result": {
      "pertanyaan": "Sapu apa yang bisa dikantongi?",
      "jawaban": "Saputangan"
    }
  },
  {
    "result": {
      "pertanyaan": "Nenek nenek jatuh di kali, munculnya dimana?",
      "jawaban": "Di koran"
    }
  },
  {
    "result": {
      "pertanyaan": "Punya kepala, punya leher, tidak punya tangan, tidak punya kaki, tetapi dia bisa berdiri?",
      "jawaban": "Botol"
    }
  },
  {
    "result": {
      "pertanyaan": "Hewan, hewan apa yang perut, kepala, mata, bahkan kakinya di kepala?",
      "jawaban": "Kutu"
    }
  },
  {
    "result": {
      "pertanyaan": "Kerjanya keliling terus setiap hari, tidak pernah capek, siapakah dia?",
      "jawaban": "Jarum jam"
    }
  },
  {
    "result": {
      "pertanyaan": "Binatang apa yang paling banyak muridnya?",
      "jawaban": "Kanguru"
    }
  },
  {
    "result": {
      "pertanyaan": "Gimana caranya orang bungkuk tidur?",
      "jawaban": "Merem"
    }
  },
  {
    "result": {
      "pertanyaan": "Ketua apa yang rambutnya putih?",
      "jawaban": "Ketuaan"
    }
  },
  {
    "result": {
      "pertanyaan": "Perang apa yang senjatanya lem?",
      "jawaban": "Perangko"
    }
  },
  {
    "result": {
      "pertanyaan": "Masuk kering, keluar lengket, apa hayu?",
      "jawaban": "Permen karet"
    }
  },
  {
    "result": {
      "pertanyaan": "Ban apa yang ada di atas tiang?",
      "jawaban": "Bandera"
    }
  },
  {
    "result": {
      "pertanyaan": "Kota apa yang paling menyedihkan?",
      "jawaban": "Kota malang"
    }
  },
  {
    "result": {
      "pertanyaan": "Bank apa yang malah rugi?",
      "jawaban": "Bankrut"
    }
  },
  {
    "result": {
      "pertanyaan": "Binatang apa yang gak pernah rugi?",
      "jawaban": "Laba-laba"
    }
  },
  {
    "result": {
      "pertanyaan": "Sapu apa yang bisa dikantongi?",
      "jawaban": "Saputangan"
    }
  },
  {
    "result": {
      "pertanyaan": "Kering tapi basah, apakah itu?",
      "jawaban": "Keringat"
    }
  },
  {
    "result": {
      "pertanyaan": "Tangga apa yang nggak bisa ndinaiki?",
      "jawaban": "Tangga nada"
    }
  },
  {
    "result": {
      "pertanyaan": "Dari atas bisa terbang ke bawah, tetapi sudah sampai ke bawah nggak bisa terbang keatas lagi?",
      "jawaban": "Daun"
    }
  },
  {
    "result": {
      "pertanyaan": "Bulan apa yang tidak tercantum di kalender?",
      "jawaban": "Bulan madu"
    }
  },
  {
    "result": {
      "pertanyaan": "Dikupas kulitnya ada bijinya, digigit bijinya ada batangnya apa coba?",
      "jawaban": "Jagung"
    }
  },
  {
    "result": {
      "pertanyaan": "Es apa yang suka dinaiki orang?",
      "jawaban": "Eskalator"
    }
  },
  {
    "result": {
      "pertanyaan": "Bank apa yang malah rugi?",
      "jawaban": "Bankrut"
    }
  },
  {
    "result": {
      "pertanyaan": "Singa apa yang sering dikunjungi orang?",
      "jawaban": "Singapore"
    }
  },
  {
    "result": {
      "pertanyaan": "Bis apa yang bisa dimakan?",
      "jawaban": "Biskuit"
    }
  },
  {
    "result": {
      "pertanyaan": "Kota apa yang paling menyedihkan?",
      "jawaban": "Kota malang"
    }
  },
  {
    "result": {
      "pertanyaan": "Selat apa yang tidak dihimpit oleh dua pulau?",
      "jawaban": "Selatan"
    }
  },
  {
    "result": {
      "pertanyaan": "Benda apa keluar ketika diputar?",
      "jawaban": "Lipstik"
    }
  },
  {
    "result": {
      "pertanyaan": "Rambut apa yang gak perlu disisir?",
      "jawaban": "Rambutan"
    }
  },
  {
    "result": {
      "pertanyaan": "Kota apa yang paling menyedihkan?",
      "jawaban": "Kota malang"
    }
  },
  {
    "result": {
      "pertanyaan": "Ibu apa yang kalo berdiri bikin orang tersanjung?",
      "jawaban": "Ibu jari"
    }
  },
  {
    "result": {
      "pertanyaan": "Sapi, sapi apa yang bisa nulis?",
      "jawaban": "Sapidol"
    }
  },
  {
    "result": {
      "pertanyaan": "Dianggap bertambah, tetapi nyatanya berkurang, apakah itu?",
      "jawaban": "Umur"
    }
  },
  {
    "result": {
      "pertanyaan": "Selat apa yang tidak dihimpit oleh dua pulau?",
      "jawaban": "Selatan"
    }
  },
  {
    "result": {
      "pertanyaan": "Hewan, hewan apa yang perut, kepala, mata, bahkan kakinya di kepala?",
      "jawaban": "Kutu"
    }
  },
  {
    "result": {
      "pertanyaan": "Singa apa yang sering dikunjungi orang?",
      "jawaban": "Singapore"
    }
  },
  {
    "result": {
      "pertanyaan": "Masuk kering, keluar lengket, apa hayu?",
      "jawaban": "Permen karet"
    }
  },
  {
    "result": {
      "pertanyaan": "Bunga-bunga apa yang paling mahal?",
      "jawaban": "Bungalow"
    }
  },
  {
    "result": {
      "pertanyaan": "Kebo apa yang bikin capek hayo?",
      "jawaban": "Kebogor"
    }
  },
  {
    "result": {
      "pertanyaan": "Ular apa yang paling digemari anak-anak?",
      "jawaban": "Ular tangga"
    }
  },
  {
    "result": {
      "pertanyaan": "Ketua apa yang rambutnya putih?",
      "jawaban": "Ketuaan"
    }
  },
  {
    "result": {
      "pertanyaan": "Buah apa yang selalu membuat kita waspada?",
      "jawaban": "Buahaya"
    }
  },
  {
    "result": {
      "pertanyaan": "Anak apa yang larinya cepet?",
      "jawaban": "Anak panah"
    }
  },
  {
    "result": {
      "pertanyaan": "Raja apa yang kepalanya sering dipegang?",
      "jawaban": "Raja catur"
    }
  },
  {
    "result": {
      "pertanyaan": "Singa apa yang sering dikunjungi orang?",
      "jawaban": "Singapore"
    }
  },
  {
    "result": {
      "pertanyaan": "Ular apa yang bisa senam?",
      "jawaban": "Ularaga"
    }
  },
  {
    "result": {
      "pertanyaan": "Ban itu isinya udara, tetapi ada ban yang isinya udaranya dingin?",
      "jawaban": "Bandung"
    }
  },
  {
    "result": {
      "pertanyaan": "Aku punya mata 3, kakiku 1, aku suka berdiri di pinggir jalan, apakah aku?",
      "jawaban": "Lampu merah"
    }
  },
  {
    "result": {
      "pertanyaan": "Benda apa keluar ketika diputar?",
      "jawaban": "Lipstik"
    }
  },
  {
    "result": {
      "pertanyaan": "Tong…. tong apa yang rasanya enak?",
      "jawaban": "Tongseng"
    }
  },
  {
    "result": {
      "pertanyaan": "Naiknya cepet turunnya lamban?",
      "jawaban": "Ingus"
    }
  },
  {
    "result": {
      "pertanyaan": "Bis apa yang bisa dimakan?",
      "jawaban": "Biskuit"
    }
  },
  {
    "result": {
      "pertanyaan": "Bibir apa yang nyeremin?",
      "jawaban": "Bibir jurang"
    }
  },
  {
    "result": {
      "pertanyaan": "Ketua apa yang rambutnya putih?",
      "jawaban": "Ketuaan"
    }
  },
  {
    "result": {
      "pertanyaan": "Bisa dipegang gak bisa diliat?",
      "jawaban": "Kuping"
    }
  },
  {
    "result": {
      "pertanyaan": "Ular apa yang bisa senam?",
      "jawaban": "Ularaga"
    }
  },
  {
    "result": {
      "pertanyaan": "Paku apa yang ditakuti kuda?",
      "jawaban": "Pakusir"
    }
  },
  {
    "result": {
      "pertanyaan": "Apa arti pribahasa ‘sambil menyelam minum air’?",
      "jawaban": "Tenggelam"
    }
  },
  {
    "result": {
      "pertanyaan": "Om apa yang pagi siang malam seneng dilaut?",
      "jawaban": "Ombak"
    }
  },
  {
    "result": {
      "pertanyaan": "Binatang apa yang gak pernah rugi?",
      "jawaban": "Laba-laba"
    }
  },
  {
    "result": {
      "pertanyaan": "Bagaimana caranya menghilangkan bau pete dimulut?",
      "jawaban": "Makan jengkol"
    }
  },
  {
    "result": {
      "pertanyaan": "Anak apa yang larinya cepet?",
      "jawaban": "Anak panah"
    }
  },
  {
    "result": {
      "pertanyaan": "Binatang apa yang gak pernah rugi?",
      "jawaban": "Laba-laba"
    }
  },
  {
    "result": {
      "pertanyaan": "Makin diisi, makin ringan, apa hayu?",
      "jawaban": "Balon gas"
    }
  },
  {
    "result": {
      "pertanyaan": "Anak, anaknya siapa yang selalu diinjak-injak?",
      "jawaban": "Anak tangga"
    }
  },
  {
    "result": {
      "pertanyaan": "Awan apa yang nggak ada dilangit, nggak nurunin hujan, malah bikin orang jengkel?",
      "jawaban": "Sariawan"
    }
  },
  {
    "result": {
      "pertanyaan": "Gimana caranya orang bungkuk tidur?",
      "jawaban": "Merem"
    }
  },
  {
    "result": {
      "pertanyaan": "Bibir apa yang nyeremin?",
      "jawaban": "Bibir jurang"
    }
  },
  {
    "result": {
      "pertanyaan": "Sapi, sapi apa yang bisa nulis?",
      "jawaban": "Sapidol"
    }
  },
  {
    "result": {
      "pertanyaan": "Bis apa yang bisa dimakan?",
      "jawaban": "Biskuit"
    }
  },
  {
    "result": {
      "pertanyaan": "Dari atas bisa terbang ke bawah, tetapi sudah sampai ke bawah nggak bisa terbang keatas lagi?",
      "jawaban": "Daun"
    }
  },
  {
    "result": {
      "pertanyaan": "Warna dan buah apa yang disukai wanita?",
      "jawaban": "Merah jambu"
    }
  },
  {
    "result": {
      "pertanyaan": "Jamu apa yang kalau diminum merusak badan?",
      "jawaban": "Jamuran"
    }
  },
  {
    "result": {
      "pertanyaan": "Mata apa yang bisa naklukin banteng?",
      "jawaban": "Matador"
    }
  },
  {
    "result": {
      "pertanyaan": "Hewan apa yang selalu jadi korban pemerasan?",
      "jawaban": "Sapi perah"
    }
  },
  {
    "result": {
      "pertanyaan": "Hewan apa yang selalu jadi korban pemerasan?",
      "jawaban": "Sapi perah"
    }
  },
  {
    "result": {
      "pertanyaan": "Nyarinya susah, setelah dapet dibuang, apaan?",
      "jawaban": "Upil"
    }
  },
  {
    "result": {
      "pertanyaan": "Aku punya mata 3, kakiku 1, aku suka berdiri di pinggir jalan, apakah aku?",
      "jawaban": "Lampu merah"
    }
  },
  {
    "result": {
      "pertanyaan": "Sapi, sapi apa yang bisa nulis?",
      "jawaban": "Sapidol"
    }
  },
  {
    "result": {
      "pertanyaan": "Meski sudah dipotong, tapi tetap panjang, apakah itu?",
      "jawaban": "Kacang panjang"
    }
  },
  {
    "result": {
      "pertanyaan": "Gimana caranya orang bungkuk tidur?",
      "jawaban": "Merem"
    }
  },
  {
    "result": {
      "pertanyaan": "Laut apa yang nggak punya nyawa?",
      "jawaban": "Laut mati"
    }
  },
  {
    "result": {
      "pertanyaan": "Bis apa yang bisa dimakan?",
      "jawaban": "Biskuit"
    }
  },
  {
    "result": {
      "pertanyaan": "Mata apa yang malam hari tutup?",
      "jawaban": "Matahari"
    }
  },
  {
    "result": {
      "pertanyaan": "Raja apa yang kepalanya sering dipegang?",
      "jawaban": "Raja catur"
    }
  },
  {
    "result": {
      "pertanyaan": "Anak, anaknya siapa yang selalu diinjak-injak?",
      "jawaban": "Anak tangga"
    }
  },
  {
    "result": {
      "pertanyaan": "Mata apa yang ukurannya sekitar 15 cm?",
      "jawaban": "Mata uang"
    }
  },
  {
    "result": {
      "pertanyaan": "Kabar apa sebesar gajah tetapi beratnya 0 kg?",
      "jawaban": "Kabar burung"
    }
  },
  {
    "result": {
      "pertanyaan": "Perang apa yang senjatanya lem?",
      "jawaban": "Perangko"
    }
  },
  {
    "result": {
      "pertanyaan": "Dianggap bertambah, tetapi nyatanya berkurang, apakah itu?",
      "jawaban": "Umur"
    }
  },
  {
    "result": {
      "pertanyaan": "Bagaimana caranya menghilangkan bau pete dimulut?",
      "jawaban": "Makan jengkol"
    }
  },
  {
    "result": {
      "pertanyaan": "Meski sudah dipotong, tapi tetap panjang, apakah itu?",
      "jawaban": "Kacang panjang"
    }
  },
  {
    "result": {
      "pertanyaan": "Jika ada lilin dan obor, mana yang sebaiknya dinyalakan dulu agar lebih terang?",
      "jawaban": "Korek api"
    }
  },
  {
    "result": {
      "pertanyaan": "Kalau hitam dibilang bersih tetapi jika putih dibilang kotor, apakah itu?",
      "jawaban": "Papan tulis"
    }
  },
  {
    "result": {
      "pertanyaan": "Nama anak yang paling panjang sedunia?",
      "jawaban": "Anak sungai"
    }
  },
  {
    "result": {
      "pertanyaan": "Sebutkan 4 nama buah dalam satu detik?",
      "jawaban": "Rujak"
    }
  },
  {
    "result": {
      "pertanyaan": "Benda apa keluar ketika diputar?",
      "jawaban": "Lipstik"
    }
  },
  {
    "result": {
      "pertanyaan": "Tong…. tong apa yang rasanya enak?",
      "jawaban": "Tongseng"
    }
  },
  {
    "result": {
      "pertanyaan": "Mata apa yang bisa naklukin banteng?",
      "jawaban": "Matador"
    }
  },
  {
    "result": {
      "pertanyaan": "Kue apa yang tengahnya gak ada rasanya?",
      "jawaban": "Donat"
    }
  },
  {
    "result": {
      "pertanyaan": "Kue apa yang tengahnya gak ada rasanya?",
      "jawaban": "Donat"
    }
  },
  {
    "result": {
      "pertanyaan": "Apa arti pribahasa ‘sambil menyelam minum air’?",
      "jawaban": "Tenggelam"
    }
  },
  {
    "result": {
      "pertanyaan": "Mata apa yang malam hari tutup?",
      "jawaban": "Matahari"
    }
  },
  {
    "result": {
      "pertanyaan": "Hewan apa yang sering menerima kesalahan orang lain?",
      "jawaban": "Kambing hitam"
    }
  },
  {
    "result": {
      "pertanyaan": "Anak, anaknya siapa yang selalu diinjak-injak?",
      "jawaban": "Anak tangga"
    }
  },
  {
    "result": {
      "pertanyaan": "Bagaimana caranya menghilangkan bau pete dimulut?",
      "jawaban": "Makan jengkol"
    }
  },
  {
    "result": {
      "pertanyaan": "Kalau dikocok putihnya gak keluar, tapi kalau dipencet malah keluar?",
      "jawaban": "Pasta gigi"
    }
  },
  {
    "result": {
      "pertanyaan": "Nama anak yang paling panjang sedunia?",
      "jawaban": "Anak sungai"
    }
  },
  {
    "result": {
      "pertanyaan": "Om apa yang pagi siang malam seneng dilaut?",
      "jawaban": "Ombak"
    }
  },
  {
    "result": {
      "pertanyaan": "Mata apa yang ukurannya sekitar 15 cm?",
      "jawaban": "Mata uang"
    }
  },
  {
    "result": {
      "pertanyaan": "Kabar apa sebesar gajah tetapi beratnya 0 kg?",
      "jawaban": "Kabar burung"
    }
  },
  {
    "result": {
      "pertanyaan": "Game apa yang sangat mengerikan?",
      "jawaban": "Gamepa bumi"
    }
  },
  {
    "result": {
      "pertanyaan": "Punya kepala, punya leher, tidak punya tangan, tidak punya kaki, tetapi dia bisa berdiri?",
      "jawaban": "Botol"
    }
  },
  {
    "result": {
      "pertanyaan": "Hewan apa yang sering menerima kesalahan orang lain?",
      "jawaban": "Kambing hitam"
    }
  },
  {
    "result": {
      "pertanyaan": "Makin diisi, makin ringan, apa hayu?",
      "jawaban": "Balon gas"
    }
  },
  {
    "result": {
      "pertanyaan": "Ban itu isinya udara, tetapi ada ban yang isinya udaranya dingin?",
      "jawaban": "Bandung"
    }
  },
  {
    "result": {
      "pertanyaan": "Mata apa yang ukurannya sekitar 15 cm?",
      "jawaban": "Mata uang"
    }
  }
]