[
  {
    "result": {
      "question": "Ada pelangi, di bola matamu, dan _____ diri tuk bilang aku sayang padamu.",
      "answer": "Memaksa"
    }
  },
  {
    "result": {
      "question": "Bawalah aku ke dalam, ke dalam hangat dirimu, bawalah aku _____ menari dalam pelukanmu.",
      "answer": "Kesana"
    }
  },
  {
    "result": {
      "question": "Kau yang kuinginkan, meski tak ku____, kau yang kubayangkan, yang slalu kuimpikan.",
      "answer": "Ungkapkan"
    }
  },
  {
    "result": {
      "question": "Kau tau sejak pertama bertemu, terbayang _____ indah di matamu, kau berikan tatapan cinta untukku.",
      "answer": "Senyum"
    }
  },
  {
    "result": {
      "question": "Berada di pelukanmu mengajarkanku apa artinya______ kesempurnaan cinta.",
      "answer": "Kenyamanan"
    }
  },
  {
    "result": {
      "question": "Apa yang salah dengan lagu ini, kenapa _____ ku mengingatmu, seperti aku bisa merasakan getaran jantung dan langkah kakimu.",
      "answer": "Kembali"
    }
  },
  {
    "result": {
      "question": "Ada pelangi, di bola matamu, dan _____ diri tuk bilang aku sayang padamu.",
      "answer": "Memaksa"
    }
  },
  {
    "result": {
      "question": "Dengar laraku, suara hati ini _____ namamu, karna separuh aku, dirimu",
      "answer": "Memanggil"
    }
  },
  {
    "result": {
      "question": "Mungkin suatu saat nanti, kau _____ bahagia meski tak bersamaku.",
      "answer": "Temukan"
    }
  },
  {
    "result": {
      "question": "Terlalu manis untuk dilupakan, kenangan yang indah _____ tinggalah mimpi.",
      "answer": "Bersamamu"
    }
  },
  {
    "result": {
      "question": "Mungkin suatu saat nanti, kau _____ bahagia meski tak bersamaku.",
      "answer": "Temukan"
    }
  },
  {
    "result": {
      "question": "Garuda di dadaku, garuda kebanggaanku, ku yakin hari ini pasti menang, kobarkan ______, tunjukkan keinginanmu, ku yakin hari ini pasti menang.",
      "answer": "Semangatmu"
    }
  },
  {
    "result": {
      "question": "Bila tak selamanya kita bisa bersama, haruskah _____ di sini, dan bila selamanya kita bisa bersama, kusimpan cinta ini.",
      "answer": "Menunggumu"
    }
  },
  {
    "result": {
      "question": "Dia dia dia cinta yang kutunggu tunggu tunggu, dia dia dia _____ hidupku.",
      "answer": "Lengkapi"
    }
  },
  {
    "result": {
      "question": "Cinta itu ruang dan waktu, tak sekejap harus mau. Cinta butuh ruang yang sepi, tuk______ hati.",
      "answer": "Mengutarakan"
    }
  },
  {
    "result": {
      "question": "Untuk apa? Untuk apa cinta tanpa_____, untuk apa cinta tanpa perbuatan.",
      "answer": "Kejujuran"
    }
  },
  {
    "result": {
      "question": "Ku suka dirinya, mungkin aku sayang, namun _____ mungkin, kau menjadi milikku.",
      "answer": "Apakah"
    }
  },
  {
    "result": {
      "question": "Untuk apa? Untuk apa cinta tanpa_____, untuk apa cinta tanpa perbuatan. Tak ada artinya.",
      "answer": "Kejujuran"
    }
  },
  {
    "result": {
      "question": "Tak terkira, di sampingmu, adalah hal _____ yang pernah kuinginkan.",
      "answer": "Terindah"
    }
  },
  {
    "result": {
      "question": "Ku suka dirinya, mungkin aku sayang, namun _____ mungkin, kau menjadi milikku.",
      "answer": "Apakah"
    }
  },
  {
    "result": {
      "question": "Mengapa kau pergi, mengapa kau pergi, di saat aku mulai mencintaimu, berharap engkau jadi ____ hatiku, malah kau pergi jauh dari hidupku.",
      "answer": "Kekasih"
    }
  },
  {
    "result": {
      "question": "Terlalu manis untuk dilupakan, kenangan yang indah _____ tinggalah mimpi.",
      "answer": "Bersamamu"
    }
  },
  {
    "result": {
      "question": "Aku tak bisa _____, bila kau tak ada di sini, aku tak habis pikirkan, bila kau tak lagi temani aku.",
      "answer": "Bayangkan"
    }
  },
  {
    "result": {
      "question": "Kau harus bisa berlapang dada. Kau harus bisa ambil______.",
      "answer": "Hikmahnya"
    }
  },
  {
    "result": {
      "question": "Mana mungkin selimut tetangga, hangati _____ dalam kedinginan, malam-malam panjang, setiap tidurku selalu kesepian.",
      "answer": "Tubuhku"
    }
  },
  {
    "result": {
      "question": "Aku lah yang tetap memelukmu erat, saat kau berfikir______ berpaling.",
      "answer": "Mungkinkah"
    }
  },
  {
    "result": {
      "question": "Akulah serpihan kisah masa lalumu, yang ____ ingin tau keadaanmu.",
      "answer": "Sekedar"
    }
  },
  {
    "result": {
      "question": "Sepenuhnya akuuu, ingin memelukmuuu, _____ penuh harapan, tuk mencintaimu.",
      "answer": "Mendekap"
    }
  },
  {
    "result": {
      "question": "Aku lah yang tetap memelukmu erat, saat kau berfikir______ berpaling.",
      "answer": "Mungkinkah"
    }
  },
  {
    "result": {
      "question": "Untuk apa? Untuk apa cinta tanpa_____, untuk apa cinta tanpa perbuatan.",
      "answer": "Kejujuran"
    }
  },
  {
    "result": {
      "question": "Dengar laraku, suara hati ini _____ namamu, karna separuh aku, dirimu",
      "answer": "Memanggil"
    }
  },
  {
    "result": {
      "question": "Kau yang kuinginkan, meski tak ku____, kau yang kubayangkan, yang slalu kuimpikan.",
      "answer": "Ungkapkan"
    }
  },
  {
    "result": {
      "question": "Cinta itu ruang dan waktu, tak sekejap harus mau. Cinta butuh ruang yang sepi, tuk______ hati.",
      "answer": "Mengutarakan"
    }
  },
  {
    "result": {
      "question": "Kau yang kuinginkan, meski tak ku____, kau yang kubayangkan, yang slalu kuimpikan.",
      "answer": "Ungkapkan"
    }
  },
  {
    "result": {
      "question": "Kau tau sejak pertama bertemu, terbayang _____ indah di matamu, kau berikan tatapan cinta untukku.",
      "answer": "Senyum"
    }
  },
  {
    "result": {
      "question": "Aku tak bisa _____, bila kau tak ada di sini, aku tak habis pikirkan, bila kau tak lagi temani aku.",
      "answer": "Bayangkan"
    }
  },
  {
    "result": {
      "question": "Tak terkira, di sampingmu, adalah hal _____ yang pernah kuinginkan.",
      "answer": "Terindah"
    }
  },
  {
    "result": {
      "question": "Kau tau sejak pertama bertemu, terbayang _____ indah di matamu, kau berikan tatapan cinta untukku.",
      "answer": "Senyum"
    }
  },
  {
    "result": {
      "question": "Untuk apa? Untuk apa cinta tanpa_____, untuk apa cinta tanpa perbuatan.",
      "answer": "Kejujuran"
    }
  },
  {
    "result": {
      "question": "Akulah serpihan kisah masa lalumu, yang ____ ingin tau keadaanmu.",
      "answer": "Sekedar"
    }
  },
  {
    "result": {
      "question": "Dia dia dia cinta yang kutunggu tunggu tunggu, dia dia dia _____ hidupku.",
      "answer": "Lengkapi"
    }
  },
  {
    "result": {
      "question": "Bila tak selamanya kita bisa bersama, haruskah _____ di sini, dan bila selamanya kita bisa bersama, kusimpan cinta ini.",
      "answer": "Menunggumu"
    }
  },
  {
    "result": {
      "question": "Cinta itu ruang dan waktu, tak sekejap harus mau. Cinta butuh ruang yang sepi, tuk______ hati.",
      "answer": "Mengutarakan"
    }
  },
  {
    "result": {
      "question": "Akulah serpihan kisah masa lalumu, yang ____ ingin tau keadaanmu.",
      "answer": "Sekedar"
    }
  },
  {
    "result": {
      "question": "Sepenuhnya akuuu, ingin memelukmuuu, _____ penuh harapan, tuk mencintaimu.",
      "answer": "Mendekap"
    }
  },
  {
    "result": {
      "question": "Berada di pelukanmu mengajarkanku apa artinya______ kesempurnaan cinta.",
      "answer": "Kenyamanan"
    }
  },
  {
    "result": {
      "question": "Mana mungkin selimut tetangga, hangati _____ dalam kedinginan, malam-malam panjang, setiap tidurku selalu kesepian.",
      "answer": "Tubuhku"
    }
  },
  {
    "result": {
      "question": "Tak bisa tuk teruskan, Dunia kita_____, Bila memang ini ujungnya.",
      "answer": "Berbeda"
    }
  },
  {
    "result": {
      "question": "Cinta jangan pernah kau coba _____ karna disini ku butuh kamu.",
      "answer": "Pergi"
    }
  },
  {
    "result": {
      "question": "Terlalu manis untuk dilupakan, kenangan yang indah _____ tinggalah mimpi.",
      "answer": "Bersamamu"
    }
  },
  {
    "result": {
      "question": "Kau harus bisa berlapang dada. Kau harus bisa ambil______.",
      "answer": "Hikmahnya"
    }
  },
  {
    "result": {
      "question": "Berada di pelukanmu mengajarkanku apa artinya______ kesempurnaan cinta.",
      "answer": "Kenyamanan"
    }
  },
  {
    "result": {
      "question": "Mengapa kau pergi, mengapa kau pergi, di saat aku mulai mencintaimu, berharap engkau jadi ____ hatiku, malah kau pergi jauh dari hidupku.",
      "answer": "Kekasih"
    }
  },
  {
    "result": {
      "question": "Kupetik bintang, untuk kau simpan, Cahayanya tenang, berikan kau perlindungan, sebagai pengingat teman, juga sebagai ______ semua tantangan.",
      "answer": "Jawaban"
    }
  },
  {
    "result": {
      "question": "Bila memang harus berpisah, aku akan tetap ceria, bila memang ini______, kau kan tetap ada dalam jiwa.",
      "answer": "Ujungnya"
    }
  },
  {
    "result": {
      "question": "Berada di pelukanmu mengajarkanku apa artinya______ kesempurnaan cinta.",
      "answer": "Kenyamanan"
    }
  },
  {
    "result": {
      "question": "Ku suka dirinya, mungkin aku sayang, namun _____ mungkin, kau menjadi milikku.",
      "answer": "Apakah"
    }
  },
  {
    "result": {
      "question": "Aku sayang padamu, aku cinta padamu, semua kan ku_____ demi kebahagiaanmu.",
      "answer": "Lakukan"
    }
  },
  {
    "result": {
      "question": "Ku suka dirinya, mungkin aku sayang, namun _____ mungkin, kau menjadi milikku.",
      "answer": "Apakah"
    }
  },
  {
    "result": {
      "question": "Bila rindu ini, masih milkmu, ______ sebuah tanya untukmu, harus berapa lama aku menunggumu.",
      "answer": "Kuhadirkan"
    }
  },
  {
    "result": {
      "question": "Tak terkira, di sampingmu, adalah hal _____ yang pernah kuinginkan.",
      "answer": "Terindah"
    }
  },
  {
    "result": {
      "question": "Dia dia dia cinta yang kutunggu tunggu tunggu, dia dia dia _____ hidupku.",
      "answer": "Lengkapi"
    }
  },
  {
    "result": {
      "question": "Ada ruang hatiku kini kau sentuh, aku bukan jatuh _____ namun aku jatuh hati.",
      "answer": "Cinta"
    }
  },
  {
    "result": {
      "question": "Kau harus bisa berlapang dada. Kau harus bisa ambil______.",
      "answer": "Hikmahnya"
    }
  },
  {
    "result": {
      "question": "Terlalu manis untuk dilupakan, kenangan yang indah _____ tinggalah mimpi.",
      "answer": "Bersamamu"
    }
  },
  {
    "result": {
      "question": "Ku cinta kau, ku cinta kau, hanya kamu di hatiku, takkan pernah kan ______, sampai kau jadi milikku",
      "answer": "Terganti"
    }
  },
  {
    "result": {
      "question": "Mengapa kau pergi, mengapa kau pergi, di saat aku mulai mencintaimu, berharap engkau jadi ____ hatiku, malah kau pergi jauh dari hidupku.",
      "answer": "Kekasih"
    }
  },
  {
    "result": {
      "question": "Ku suka dirinya, mungkin aku sayang, namun _____ mungkin, kau menjadi milikku.",
      "answer": "Apakah"
    }
  },
  {
    "result": {
      "question": "Untuk apa? Untuk apa cinta tanpa_____, untuk apa cinta tanpa perbuatan.",
      "answer": "Kejujuran"
    }
  },
  {
    "result": {
      "question": "Kau harus bisa berlapang dada. Kau harus bisa ambil______.",
      "answer": "Hikmahnya"
    }
  },
  {
    "result": {
      "question": "Kau yang kuinginkan, meski tak ku____, kau yang kubayangkan, yang slalu kuimpikan.",
      "answer": "Ungkapkan"
    }
  },
  {
    "result": {
      "question": "Kau harus bisa berlapang dada. Kau harus bisa ambil______.",
      "answer": "Hikmahnya"
    }
  },
  {
    "result": {
      "question": "Ayo putra bangsa, harumkan negeri ini, ____ kita bangga, Indonesia.",
      "answer": "Jadikan"
    }
  },
  {
    "result": {
      "question": "Untuk apa? Untuk apa cinta tanpa_____, untuk apa cinta tanpa perbuatan.",
      "answer": "Kejujuran"
    }
  },
  {
    "result": {
      "question": "Dengar laraku, suara hati ini _____ namamu, karna separuh aku, dirimu",
      "answer": "Memanggil"
    }
  },
  {
    "result": {
      "question": "Sepenuhnya akuuu, ingin memelukmuuu, _____ penuh harapan, tuk mencintaimu.",
      "answer": "Mendekap"
    }
  },
  {
    "result": {
      "question": "Dia dia dia cinta yang kutunggu tunggu tunggu, dia dia dia _____ hidupku.",
      "answer": "Lengkapi"
    }
  },
  {
    "result": {
      "question": "Cinta itu ruang dan waktu, tak sekejap harus mau. Cinta butuh ruang yang sepi, tuk______ hati.",
      "answer": "Mengutarakan"
    }
  },
  {
    "result": {
      "question": "Mungkin suatu saat nanti, kau _____ bahagia meski tak bersamaku.",
      "answer": "Temukan"
    }
  },
  {
    "result": {
      "question": "Untuk apa? Untuk apa cinta tanpa_____, untuk apa cinta tanpa perbuatan. Tak ada artinya.",
      "answer": "Kejujuran"
    }
  },
  {
    "result": {
      "question": "Aku tak bisa _____, bila kau tak ada di sini, aku tak habis pikirkan, bila kau tak lagi temani aku.",
      "answer": "Bayangkan"
    }
  },
  {
    "result": {
      "question": "Garuda di dadaku, garuda kebanggaanku, ku yakin hari ini pasti menang, kobarkan ______, tunjukkan keinginanmu, ku yakin hari ini pasti menang.",
      "answer": "Semangatmu"
    }
  },
  {
    "result": {
      "question": "Dan terjadi lagi, kisah lama yang _____ kembali, kau terluka lagi, dari cinta yang rumit kau jalani.",
      "answer": "Terulang"
    }
  },
  {
    "result": {
      "question": "Tak bisa tuk teruskan, Dunia kita_____, Bila memang ini ujungnya.",
      "answer": "Berbeda"
    }
  },
  {
    "result": {
      "question": "Sepenuhnya akuuu, ingin memelukmuuu, _____ penuh harapan, tuk mencintaimu.",
      "answer": "Mendekap"
    }
  },
  {
    "result": {
      "question": "Mengapa kau pergi, mengapa kau pergi, di saat aku mulai mencintaimu, berharap engkau jadi ____ hatiku, malah kau pergi jauh dari hidupku.",
      "answer": "Kekasih"
    }
  },
  {
    "result": {
      "question": "Kau dan aku tercipta oleh waktu, hanya untuk saling mencintai, mungkin di_____ bersama, rajut kasih jalin cinta.",
      "answer": "Takdirkan"
    }
  },
  {
    "result": {
      "question": "Cinta itu ruang dan waktu, tak sekejap harus mau. Cinta butuh ruang yang sepi, tuk______ hati.",
      "answer": "Mengutarakan"
    }
  },
  {
    "result": {
      "question": "Terlalu manis untuk dilupakan, kenangan yang indah _____ tinggalah mimpi.",
      "answer": "Bersamamu"
    }
  },
  {
    "result": {
      "question": "Cinta jangan pernah kau coba _____ karna disini ku butuh kamu.",
      "answer": "Pergi"
    }
  },
  {
    "result": {
      "question": "Bila rindu ini, masih milkmu, ______ sebuah tanya untukmu, harus berapa lama aku menunggumu.",
      "answer": "Kuhadirkan"
    }
  },
  {
    "result": {
      "question": "Kupetik bintang, untuk kau simpan, Cahayanya tenang, berikan kau perlindungan, sebagai pengingat teman, juga sebagai ______ semua tantangan.",
      "answer": "Jawaban"
    }
  },
  {
    "result": {
      "question": "Ayo putra bangsa, harumkan negeri ini, ____ kita bangga, Indonesia.",
      "answer": "Jadikan"
    }
  },
  {
    "result": {
      "question": "Dengar laraku, suara hati ini _____ namamu, karna separuh aku, dirimu",
      "answer": "Memanggil"
    }
  },
  {
    "result": {
      "question": "Berada di pelukanmu mengajarkanku apa artinya______ kesempurnaan cinta.",
      "answer": "Kenyamanan"
    }
  },
  {
    "result": {
      "question": "Ayo putra bangsa, harumkan negeri ini, ____ kita bangga, Indonesia.",
      "answer": "Jadikan"
    }
  },
  {
    "result": {
      "question": "Kau yang kuinginkan, meski tak ku____, kau yang kubayangkan, yang slalu kuimpikan.",
      "answer": "Ungkapkan"
    }
  },
  {
    "result": {
      "question": "Kau harus bisa berlapang dada. Kau harus bisa ambil______.",
      "answer": "Hikmahnya"
    }
  },
  {
    "result": {
      "question": "Dengar laraku, suara hati ini _____ namamu, karna separuh aku, dirimu",
      "answer": "Memanggil"
    }
  },
  {
    "result": {
      "question": "Kau harus bisa berlapang dada. Kau harus bisa ambil______.",
      "answer": "Hikmahnya"
    }
  },
  {
    "result": {
      "question": "Cinta jangan pernah kau coba _____ karna disini ku butuh kamu.",
      "answer": "Pergi"
    }
  },
  {
    "result": {
      "question": "Untuk apa? Untuk apa cinta tanpa_____, untuk apa cinta tanpa perbuatan.",
      "answer": "Kejujuran"
    }
  },
  {
    "result": {
      "question": "Ku suka dirinya, mungkin aku sayang, namun _____ mungkin, kau menjadi milikku.",
      "answer": "Apakah"
    }
  },
  {
    "result": {
      "question": "Ada pelangi, di bola matamu, dan _____ diri tuk bilang aku sayang padamu.",
      "answer": "Memaksa"
    }
  },
  {
    "result": {
      "question": "Kau adalah yang terindah, yang membuat hatiku tenang, mencintai kamu takkan pernah takut, sebab kau _____ segala kurangku.",
      "answer": "Terima"
    }
  },
  {
    "result": {
      "question": "Bawalah aku ke dalam, ke dalam hangat dirimu, bawalah aku _____ menari dalam pelukanmu.",
      "answer": "Kesana"
    }
  },
  {
    "result": {
      "question": "Ku bisa hadapi_____ terluka, yang pernah kurasa di waktu dulu.",
      "answer": "Perihnya"
    }
  },
  {
    "result": {
      "question": "Aku tak bisa _____, bila kau tak ada di sini, aku tak habis pikirkan, bila kau tak lagi temani aku.",
      "answer": "Bayangkan"
    }
  },
  {
    "result": {
      "question": "Garuda di dadaku, garuda kebanggaanku, ku yakin hari ini pasti menang, kobarkan ______, tunjukkan keinginanmu, ku yakin hari ini pasti menang.",
      "answer": "Semangatmu"
    }
  },
  {
    "result": {
      "question": "Akulah serpihan kisah masa lalumu, yang ____ ingin tau keadaanmu.",
      "answer": "Sekedar"
    }
  },
  {
    "result": {
      "question": "Kupetik bintang, untuk kau simpan, Cahayanya tenang, berikan kau perlindungan, sebagai pengingat teman, juga sebagai ______ semua tantangan.",
      "answer": "Jawaban"
    }
  },
  {
    "result": {
      "question": "Ku cinta kau, ku cinta kau, hanya kamu di hatiku, takkan pernah kan ______, sampai kau jadi milikku",
      "answer": "Terganti"
    }
  },
  {
    "result": {
      "question": "Aku sayang padamu, aku cinta padamu, semua kan ku_____ demi kebahagiaanmu.",
      "answer": "Lakukan"
    }
  },
  {
    "result": {
      "question": "Kau tau sejak pertama bertemu, terbayang _____ indah di matamu, kau berikan tatapan cinta untukku.",
      "answer": "Senyum"
    }
  },
  {
    "result": {
      "question": "Akulah serpihan kisah masa lalumu, yang ____ ingin tau keadaanmu.",
      "answer": "Sekedar"
    }
  },
  {
    "result": {
      "question": "Kau harus bisa berlapang dada. Kau harus bisa ambil______.",
      "answer": "Hikmahnya"
    }
  },
  {
    "result": {
      "question": "Cinta itu ruang dan waktu, tak sekejap harus mau. Cinta butuh ruang yang sepi, tuk______ hati.",
      "answer": "Mengutarakan"
    }
  },
  {
    "result": {
      "question": "Bila memang harus berpisah, aku akan tetap ceria, bila memang ini______, kau kan tetap ada dalam jiwa.",
      "answer": "Ujungnya"
    }
  },
  {
    "result": {
      "question": "Ku suka dirinya, mungkin aku sayang, namun _____ mungkin, kau menjadi milikku.",
      "answer": "Apakah"
    }
  },
  {
    "result": {
      "question": "Sampai saat ini, rasaku ______ di sini, rasa yang tak akan hilang oleh waktu.",
      "answer": "Bertahan"
    }
  },
  {
    "result": {
      "question": "Ada ruang hatiku kini kau sentuh, aku bukan jatuh _____ namun aku jatuh hati.",
      "answer": "Cinta"
    }
  },
  {
    "result": {
      "question": "Ada pelangi, di bola matamu, dan _____ diri tuk bilang aku sayang padamu.",
      "answer": "Memaksa"
    }
  },
  {
    "result": {
      "question": "Cinta jangan pernah kau coba _____ karna disini ku butuh kamu.",
      "answer": "Pergi"
    }
  },
  {
    "result": {
      "question": "Tak terkira, di sampingmu, adalah hal _____ yang pernah kuinginkan.",
      "answer": "Terindah"
    }
  },
  {
    "result": {
      "question": "Bila memang harus berpisah, aku akan tetap ceria, bila memang ini______, kau kan tetap ada dalam jiwa.",
      "answer": "Ujungnya"
    }
  },
  {
    "result": {
      "question": "Mana mungkin selimut tetangga, hangati _____ dalam kedinginan, malam-malam panjang, setiap tidurku selalu kesepian.",
      "answer": "Tubuhku"
    }
  },
  {
    "result": {
      "question": "Cinta itu ruang dan waktu, tak sekejap harus mau. Cinta butuh ruang yang sepi, tuk______ hati.",
      "answer": "Mengutarakan"
    }
  },
  {
    "result": {
      "question": "Kau tau sejak pertama bertemu, terbayang _____ indah di matamu, kau berikan tatapan cinta untukku.",
      "answer": "Senyum"
    }
  },
  {
    "result": {
      "question": "Mengapa kau pergi, mengapa kau pergi, di saat aku mulai mencintaimu, berharap engkau jadi ____ hatiku, malah kau pergi jauh dari hidupku.",
      "answer": "Kekasih"
    }
  },
  {
    "result": {
      "question": "Ku suka dirinya, mungkin aku sayang, namun _____ mungkin, kau menjadi milikku.",
      "answer": "Apakah"
    }
  },
  {
    "result": {
      "question": "Garuda di dadaku, garuda kebanggaanku, ku yakin hari ini pasti menang, kobarkan ______, tunjukkan keinginanmu, ku yakin hari ini pasti menang.",
      "answer": "Semangatmu"
    }
  },
  {
    "result": {
      "question": "Kau harus bisa berlapang dada. Kau harus bisa ambil______.",
      "answer": "Hikmahnya"
    }
  },
  {
    "result": {
      "question": "Cinta jangan pernah kau coba _____ karna disini ku butuh kamu.",
      "answer": "Pergi"
    }
  },
  {
    "result": {
      "question": "Ku suka dirinya, mungkin aku sayang, namun _____ mungkin, kau menjadi milikku.",
      "answer": "Apakah"
    }
  },
  {
    "result": {
      "question": "Cinta itu ruang dan waktu, tak sekejap harus mau. Cinta butuh ruang yang sepi, tuk______ hati.",
      "answer": "Mengutarakan"
    }
  },
  {
    "result": {
      "question": "Dan terjadi lagi, kisah lama yang _____ kembali, kau terluka lagi, dari cinta yang rumit kau jalani.",
      "answer": "Terulang"
    }
  },
  {
    "result": {
      "question": "Kau tau sejak pertama bertemu, terbayang _____ indah di matamu, kau berikan tatapan cinta untukku.",
      "answer": "Senyum"
    }
  },
  {
    "result": {
      "question": "Ku bisa hadapi_____ terluka, yang pernah kurasa di waktu dulu.",
      "answer": "Perihnya"
    }
  },
  {
    "result": {
      "question": "Berada di pelukanmu mengajarkanku apa artinya______ kesempurnaan cinta.",
      "answer": "Kenyamanan"
    }
  },
  {
    "result": {
      "question": "Kau yang kuinginkan, meski tak ku____, kau yang kubayangkan, yang slalu kuimpikan.",
      "answer": "Ungkapkan"
    }
  },
  {
    "result": {
      "question": "Garuda di dadaku, garuda kebanggaanku, ku yakin hari ini pasti menang, kobarkan ______, tunjukkan keinginanmu, ku yakin hari ini pasti menang.",
      "answer": "Semangatmu"
    }
  },
  {
    "result": {
      "question": "Kupetik bintang, untuk kau simpan, Cahayanya tenang, berikan kau perlindungan, sebagai pengingat teman, juga sebagai ______ semua tantangan.",
      "answer": "Jawaban"
    }
  },
  {
    "result": {
      "question": "Aku sayang padamu, aku cinta padamu, semua kan ku_____ demi kebahagiaanmu.",
      "answer": "Lakukan"
    }
  },
  {
    "result": {
      "question": "Kupetik bintang, untuk kau simpan, Cahayanya tenang, berikan kau perlindungan, sebagai pengingat teman, juga sebagai ______ semua tantangan.",
      "answer": "Jawaban"
    }
  },
  {
    "result": {
      "question": "Mungkin suatu saat nanti, kau _____ bahagia meski tak bersamaku.",
      "answer": "Temukan"
    }
  },
  {
    "result": {
      "question": "Terlalu manis untuk dilupakan, kenangan yang indah _____ tinggalah mimpi.",
      "answer": "Bersamamu"
    }
  },
  {
    "result": {
      "question": "Ku suka dirinya, mungkin aku sayang, namun _____ mungkin, kau menjadi milikku.",
      "answer": "Apakah"
    }
  },
  {
    "result": {
      "question": "Ayo putra bangsa, harumkan negeri ini, ____ kita bangga, Indonesia.",
      "answer": "Jadikan"
    }
  },
  {
    "result": {
      "question": "Ku cinta kau, ku cinta kau, hanya kamu di hatiku, takkan pernah kan ______, sampai kau jadi milikku",
      "answer": "Terganti"
    }
  },
  {
    "result": {
      "question": "Aku lah yang tetap memelukmu erat, saat kau berfikir______ berpaling.",
      "answer": "Mungkinkah"
    }
  },
  {
    "result": {
      "question": "Ada ruang hatiku kini kau sentuh, aku bukan jatuh _____ namun aku jatuh hati.",
      "answer": "Cinta"
    }
  },
  {
    "result": {
      "question": "Akulah serpihan kisah masa lalumu, yang ____ ingin tau keadaanmu.",
      "answer": "Sekedar"
    }
  },
  {
    "result": {
      "question": "Bawalah aku ke dalam, ke dalam hangat dirimu, bawalah aku _____ menari dalam pelukanmu.",
      "answer": "Kesana"
    }
  },
  {
    "result": {
      "question": "Garuda di dadaku, garuda kebanggaanku, ku yakin hari ini pasti menang, kobarkan ______, tunjukkan keinginanmu, ku yakin hari ini pasti menang.",
      "answer": "Semangatmu"
    }
  },
  {
    "result": {
      "question": "Dan terjadi lagi, kisah lama yang _____ kembali, kau terluka lagi, dari cinta yang rumit kau jalani.",
      "answer": "Terulang"
    }
  },
  {
    "result": {
      "question": "Cinta jangan pernah kau coba _____ karna disini ku butuh kamu.",
      "answer": "Pergi"
    }
  },
  {
    "result": {
      "question": "Akulah serpihan kisah masa lalumu, yang ____ ingin tau keadaanmu.",
      "answer": "Sekedar"
    }
  },
  {
    "result": {
      "question": "Sepenuhnya akuuu, ingin memelukmuuu, _____ penuh harapan, tuk mencintaimu.",
      "answer": "Mendekap"
    }
  },
  {
    "result": {
      "question": "Berada di pelukanmu mengajarkanku apa artinya______ kesempurnaan cinta.",
      "answer": "Kenyamanan"
    }
  },
  {
    "result": {
      "question": "Mana mungkin selimut tetangga, hangati _____ dalam kedinginan, malam-malam panjang, setiap tidurku selalu kesepian.",
      "answer": "Tubuhku"
    }
  },
  {
    "result": {
      "question": "Kau tau sejak pertama bertemu, terbayang _____ indah di matamu, kau berikan tatapan cinta untukku.",
      "answer": "Senyum"
    }
  },
  {
    "result": {
      "question": "Setidaknya diriku pernah berjuang, meski tak pernah ternilai di matamu, setidaknya ku pernah menanti, _____ melawan sepi hatiku.",
      "answer": "Terkapar"
    }
  },
  {
    "result": {
      "question": "Bila memang harus berpisah, aku akan tetap ceria, bila memang ini______, kau kan tetap ada dalam jiwa.",
      "answer": "Ujungnya"
    }
  },
  {
    "result": {
      "question": "Kupetik bintang, untuk kau simpan, Cahayanya tenang, berikan kau perlindungan, sebagai pengingat teman, juga sebagai ______ semua tantangan.",
      "answer": "Jawaban"
    }
  },
  {
    "result": {
      "question": "Ku cinta kau, ku cinta kau, hanya kamu di hatiku, takkan pernah kan ______, sampai kau jadi milikku",
      "answer": "Terganti"
    }
  },
  {
    "result": {
      "question": "Kau adalah yang terindah, yang membuat hatiku tenang, mencintai kamu takkan pernah takut, sebab kau _____ segala kurangku.",
      "answer": "Terima"
    }
  },
  {
    "result": {
      "question": "Mana mungkin selimut tetangga, hangati _____ dalam kedinginan, malam-malam panjang, setiap tidurku selalu kesepian.",
      "answer": "Tubuhku"
    }
  },
  {
    "result": {
      "question": "Aku tak bisa _____, bila kau tak ada di sini, aku tak habis pikirkan, bila kau tak lagi temani aku.",
      "answer": "Bayangkan"
    }
  },
  {
    "result": {
      "question": "Tak bisa tuk teruskan, Dunia kita_____, Bila memang ini ujungnya.",
      "answer": "Berbeda"
    }
  },
  {
    "result": {
      "question": "Ku cinta kau, ku cinta kau, hanya kamu di hatiku, takkan pernah kan ______, sampai kau jadi milikku",
      "answer": "Terganti"
    }
  },
  {
    "result": {
      "question": "Ada ruang hatiku kini kau sentuh, aku bukan jatuh _____ namun aku jatuh hati.",
      "answer": "Cinta"
    }
  },
  {
    "result": {
      "question": "Ayo putra bangsa, harumkan negeri ini, ____ kita bangga, Indonesia.",
      "answer": "Jadikan"
    }
  },
  {
    "result": {
      "question": "Mungkin suatu saat nanti, kau _____ bahagia meski tak bersamaku.",
      "answer": "Temukan"
    }
  },
  {
    "result": {
      "question": "Tak bisa tuk teruskan, Dunia kita_____, Bila memang ini ujungnya.",
      "answer": "Berbeda"
    }
  },
  {
    "result": {
      "question": "Ada ruang hatiku kini kau sentuh, aku bukan jatuh _____ namun aku jatuh hati.",
      "answer": "Cinta"
    }
  },
  {
    "result": {
      "question": "Ku suka dirinya, mungkin aku sayang, namun _____ mungkin, kau menjadi milikku.",
      "answer": "Apakah"
    }
  },
  {
    "result": {
      "question": "Ada yang lain, di senyummu, yang_____ lidahku gugup tak bergerak.",
      "answer": "Membuat"
    }
  },
  {
    "result": {
      "question": "Aku sayang padamu, aku cinta padamu, semua kan ku_____ demi kebahagiaanmu.",
      "answer": "Lakukan"
    }
  },
  {
    "result": {
      "question": "Ayo putra bangsa, harumkan negeri ini, ____ kita bangga, Indonesia.",
      "answer": "Jadikan"
    }
  },
  {
    "result": {
      "question": "Ku bisa hadapi_____ terluka, yang pernah kurasa di waktu dulu.",
      "answer": "Perihnya"
    }
  }
]